PRES,BU,PLOT,MONDATE,SPCODE,IND,COVER,LAST BURN,MON_YEAR,BURN_YEAR
ABRP,5,1,7/7/1995,HW,2,1.68,4/8/1993,1995,1993
ABRP,5,1,7/7/1995,PE,0,0,4/8/1993,1995,1993
ABRP,5,1,7/7/1995,PP,0,0,4/8/1993,1995,1993
ABRP,5,1,7/7/1995,QE,4,6.25,4/8/1993,1995,1993
ABRP,5,1,7/7/1995,QL,2,4.89,4/8/1993,1995,1993
ABRP,5,1,7/7/1995,QU,8,6.83,4/8/1993,1995,1993
ABRP,5,2,7/7/1995,HW,0,0,4/8/1993,1995,1993
ABRP,5,2,7/7/1995,PE,0,0,4/8/1993,1995,1993
ABRP,5,2,7/7/1995,PP,0,0,4/8/1993,1995,1993
ABRP,5,2,7/7/1995,QE,0,0,4/8/1993,1995,1993
ABRP,5,2,7/7/1995,QL,8,7.96,4/8/1993,1995,1993
ABRP,5,2,7/7/1995,QU,7,8.35,4/8/1993,1995,1993
ABRP,5,3,7/18/1995,HW,6,6.68,4/8/1993,1995,1993
ABRP,5,3,7/18/1995,PE,0,0,4/8/1993,1995,1993
ABRP,5,3,7/18/1995,PP,3,5.4,4/8/1993,1995,1993
ABRP,5,3,7/18/1995,QE,15,33.31,4/8/1993,1995,1993
ABRP,5,3,7/18/1995,QL,2,1.68,4/8/1993,1995,1993
ABRP,5,3,7/18/1995,QU,6,14.27,4/8/1993,1995,1993
ABRP,5,4,7/17/1995,HW,5,6.28,4/8/1993,1995,1993
ABRP,5,4,7/17/1995,PE,0,0,4/8/1993,1995,1993
ABRP,5,4,7/17/1995,PP,1,6.2,4/8/1993,1995,1993
ABRP,5,4,7/17/1995,QE,0,0,4/8/1993,1995,1993
ABRP,5,4,7/17/1995,QL,6,6.53,4/8/1993,1995,1993
ABRP,5,4,7/17/1995,QU,5,18.06,4/8/1993,1995,1993
ABRP,5,5,7/5/1995,HW,0,0,4/8/1993,1995,1993
ABRP,5,5,7/5/1995,PE,0,0,4/8/1993,1995,1993
ABRP,5,5,7/5/1995,PP,2,13.83,4/8/1993,1995,1993
ABRP,5,5,7/5/1995,QE,2,4.66,4/8/1993,1995,1993
ABRP,5,5,7/5/1995,QL,11,14.67,4/8/1993,1995,1993
ABRP,5,5,7/5/1995,QU,7,12.82,4/8/1993,1995,1993
ABRP,5,6,7/12/1995,HW,2,1.77,4/8/1993,1995,1993
ABRP,5,6,7/12/1995,PE,0,0,4/8/1993,1995,1993
ABRP,5,6,7/12/1995,PP,1,0.3,4/8/1993,1995,1993
ABRP,5,6,7/12/1995,QE,0,0,4/8/1993,1995,1993
ABRP,5,6,7/12/1995,QL,13,27.4,4/8/1993,1995,1993
ABRP,5,6,7/12/1995,QU,4,3.72,4/8/1993,1995,1993
ABRP,32,1,7/21/1995,HW,1,1.69,6/15/1993,1995,1993
ABRP,32,1,7/21/1995,PE,0,0,6/15/1993,1995,1993
ABRP,32,1,7/21/1995,PP,0,0,6/15/1993,1995,1993
ABRP,32,1,7/21/1995,QE,0,0,6/15/1993,1995,1993
ABRP,32,1,7/21/1995,QL,0,0,6/15/1993,1995,1993
ABRP,32,1,7/21/1995,QU,0,0,6/15/1993,1995,1993
ABRP,32,2,8/1/1995,HW,1,1.31,6/15/1993,1995,1993
ABRP,32,2,8/1/1995,PE,4,11.27,6/15/1993,1995,1993
ABRP,32,2,8/1/1995,PP,0,0,6/15/1993,1995,1993
ABRP,32,2,8/1/1995,QE,0,0,6/15/1993,1995,1993
ABRP,32,2,8/1/1995,QL,5,5.48,6/15/1993,1995,1993
ABRP,32,2,8/1/1995,QU,1,2.05,6/15/1993,1995,1993
ABRP,32,3,8/1/1995,HW,2,5.21,6/15/1993,1995,1993
ABRP,32,3,8/1/1995,PE,0,0,6/15/1993,1995,1993
ABRP,32,3,8/1/1995,PP,0,0,6/15/1993,1995,1993
ABRP,32,3,8/1/1995,QE,1,0.49,6/15/1993,1995,1993
ABRP,32,3,8/1/1995,QL,2,1.55,6/15/1993,1995,1993
ABRP,32,3,8/1/1995,QU,0,0,6/15/1993,1995,1993
ABRP,32,4,8/1/1995,HW,7,6.89,6/15/1993,1995,1993
ABRP,32,4,8/1/1995,PE,0,0,6/15/1993,1995,1993
ABRP,32,4,8/1/1995,PP,1,0.59,6/15/1993,1995,1993
ABRP,32,4,8/1/1995,QE,1,0.45,6/15/1993,1995,1993
ABRP,32,4,8/1/1995,QL,1,1.52,6/15/1993,1995,1993
ABRP,32,4,8/1/1995,QU,0,0,6/15/1993,1995,1993
ABRP,32,5,7/24/1995,HW,1,1.72,6/15/1993,1995,1993
ABRP,32,5,7/24/1995,PE,1,0.35,6/15/1993,1995,1993
ABRP,32,5,7/24/1995,PP,1,0.95,6/15/1993,1995,1993
ABRP,32,5,7/24/1995,QE,0,0,6/15/1993,1995,1993
ABRP,32,5,7/24/1995,QL,3,3.72,6/15/1993,1995,1993
ABRP,32,5,7/24/1995,QU,1,0.91,6/15/1993,1995,1993
ABRP,32,6,7/19/1995,HW,5,5.32,6/15/1993,1995,1993
ABRP,32,6,7/19/1995,PE,1,0.43,6/15/1993,1995,1993
ABRP,32,6,7/19/1995,PP,0,0,6/15/1993,1995,1993
ABRP,32,6,7/19/1995,QE,0,0,6/15/1993,1995,1993
ABRP,32,6,7/19/1995,QL,2,2.97,6/15/1993,1995,1993
ABRP,32,6,7/19/1995,QU,0,0,6/15/1993,1995,1993
ABRP,32,7,7/22/1995,HW,0,0,6/15/1993,1995,1993
ABRP,32,7,7/22/1995,PE,0,0,6/15/1993,1995,1993
ABRP,32,7,7/22/1995,PP,0,0,6/15/1993,1995,1993
ABRP,32,7,7/22/1995,QE,0,0,6/15/1993,1995,1993
ABRP,32,7,7/22/1995,QL,4,13.24,6/15/1993,1995,1993
ABRP,32,7,7/22/1995,QU,0,0,6/15/1993,1995,1993
ABRP,32,8,7/22/1995,HW,2,0.98,6/15/1993,1995,1993
ABRP,32,8,7/22/1995,PE,0,0,6/15/1993,1995,1993
ABRP,32,8,7/22/1995,PP,0,0,6/15/1993,1995,1993
ABRP,32,8,7/22/1995,QE,1,0.2,6/15/1993,1995,1993
ABRP,32,8,7/22/1995,QL,1,0.52,6/15/1993,1995,1993
ABRP,32,8,7/22/1995,QU,0,0,6/15/1993,1995,1993
ABRP,32,9,7/31/1995,HW,2,1.53,6/15/1993,1995,1993
ABRP,32,9,7/31/1995,PE,0,0,6/15/1993,1995,1993
ABRP,32,9,7/31/1995,PP,0,0,6/15/1993,1995,1993
ABRP,32,9,7/31/1995,QE,3,1.94,6/15/1993,1995,1993
ABRP,32,9,7/31/1995,QL,4,4.51,6/15/1993,1995,1993
ABRP,32,9,7/31/1995,QU,0,0,6/15/1993,1995,1993
ABRP,32,10,7/27/1995,HW,1,0.58,6/15/1993,1995,1993
ABRP,32,10,7/27/1995,PE,0,0,6/15/1993,1995,1993
ABRP,32,10,7/27/1995,PP,0,0,6/15/1993,1995,1993
ABRP,32,10,7/27/1995,QE,0,0,6/15/1993,1995,1993
ABRP,32,10,7/27/1995,QL,0,0,6/15/1993,1995,1993
ABRP,32,10,7/27/1995,QU,0,0,6/15/1993,1995,1993
ABRP,32,11,7/27/1995,HW,1,1.55,6/15/1993,1995,1993
ABRP,32,11,7/27/1995,PE,0,0,6/15/1993,1995,1993
ABRP,32,11,7/27/1995,PP,0,0,6/15/1993,1995,1993
ABRP,32,11,7/27/1995,QE,1,1.56,6/15/1993,1995,1993
ABRP,32,11,7/27/1995,QL,3,1.89,6/15/1993,1995,1993
ABRP,32,11,7/27/1995,QU,0,0,6/15/1993,1995,1993
ABRP,7,1,7/31/1996,HW,4,784,4/30/1994,1995,1993
ABRP,7,1,7/31/1996,PE,0,0,4/30/1994,1995,1993
ABRP,7,1,7/31/1996,QE,0,0,4/30/1994,1995,1993
ABRP,7,1,7/31/1996,QL,3,253,4/30/1994,1995,1993
ABRP,7,1,7/31/1996,QU,13,2508,4/30/1994,1996,1993
ABRP,7,2,8/1/1996,HW,3,86,4/30/1994,1996,1993
ABRP,7,2,8/1/1996,PE,0,0,4/30/1994,1996,1993
ABRP,7,2,8/1/1996,QE,1,10,4/30/1994,1996,1993
ABRP,7,2,8/1/1996,QL,1,40,4/30/1994,1996,1993
ABRP,7,2,8/1/1996,QU,4,161,4/30/1994,1996,1993
ABRP,7,3,8/2/1996,HW,4,275,4/30/1994,1996,1993
ABRP,7,3,8/2/1996,PE,0,0,4/30/1994,1996,1993
ABRP,7,3,8/2/1996,QE,1,296,4/30/1994,1996,1993
ABRP,7,3,8/2/1996,QU,3,380,4/30/1994,1996,1993
ABRP,7,3,8/2/1996,QL,3,395,4/30/1994,1996,1993
ABRP,7,4,8/5/1996,HW,0,0,4/30/1994,1996,1993
ABRP,7,4,8/5/1996,PE,0,0,4/30/1994,1996,1993
ABRP,7,4,8/5/1996,QE,1,10,4/30/1994,1996,1993
ABRP,7,4,8/5/1996,QL,5,393,4/30/1994,1996,1993
ABRP,7,4,8/5/1996,QU,1,20,4/30/1994,1996,1993
ABRP,7,5,8/22/1996,HW,4,350,4/30/1994,1996,1993
ABRP,7,5,8/22/1996,PE,0,0,4/30/1994,1996,1993
ABRP,7,5,8/22/1996,QE,0,0,4/30/1994,1996,1993
ABRP,7,5,8/22/1996,QL,4,290,4/30/1994,1996,1993
ABRP,7,5,8/22/1996,QU,1,150,4/30/1994,1996,1993
ABRP,7,6,8/5/1996,HW,1,36,4/30/1994,1996,1993
ABRP,7,6,8/5/1996,PE,0,0,4/30/1994,1996,1993
ABRP,7,6,8/5/1996,QE,1,278,4/30/1994,1996,1993
ABRP,7,6,8/5/1996,QL,5,399,4/30/1994,1996,1993
ABRP,7,6,8/5/1996,QU,2,221,4/30/1994,1996,1993
ABRP,7,7,8/7/1996,HW,1,65,4/30/1994,1996,1993
ABRP,7,7,8/7/1996,PE,1,310,4/30/1994,1996,1993
ABRP,7,7,8/7/1996,QE,0,0,4/30/1994,1996,1993
ABRP,7,7,8/7/1996,QL,0,0,4/30/1994,1996,1993
ABRP,7,7,8/7/1996,QU,6,1040,4/30/1994,1996,1993
ABRP,7,8,8/8/1996,HW,0,0,4/30/1994,1996,1993
ABRP,7,8,8/8/1996,PE,0,0,4/30/1994,1996,1993
ABRP,7,8,8/8/1996,QE,1,100,4/30/1994,1996,1993
ABRP,7,8,8/8/1996,QL,1,185,4/30/1994,1996,1993
ABRP,7,8,8/8/1996,QU,3,371,4/30/1994,1996,1993
ABRP,21,1,8/8/1996,HW,0,0,5/6/1994,1996,1994
ABRP,21,1,8/8/1996,PE,0,0,5/6/1994,1996,1994
ABRP,21,1,8/8/1996,QE,0,0,5/6/1994,1996,1994
ABRP,21,1,8/8/1996,QL,3,255,5/6/1994,1996,1994
ABRP,21,1,8/8/1996,QU,0,0,5/6/1994,1996,1994
ABRP,21,2,8/9/1996,HW,0,0,5/6/1994,1996,1994
ABRP,21,2,8/9/1996,PE,0,0,5/6/1994,1996,1994
ABRP,21,2,8/9/1996,QE,0,0,5/6/1994,1996,1994
ABRP,21,2,8/9/1996,QL,0,0,5/6/1994,1996,1994
ABRP,21,2,8/9/1996,QU,1,15,5/6/1994,1996,1994
ABRP,21,3,8/15/1996,HW,1,830,5/6/1994,1996,1994
ABRP,21,3,8/15/1996,PE,0,0,5/6/1994,1996,1994
ABRP,21,3,8/15/1996,QE,1,120,5/6/1994,1996,1994
ABRP,21,3,8/15/1996,QL,3,559,5/6/1994,1996,1994
ABRP,21,3,8/15/1996,QU,1,60,5/6/1994,1996,1994
ABRP,22,1,8/15/1996,HW,0,0,3/26/1995,1996,1994
ABRP,22,1,8/15/1996,PE,0,0,3/26/1995,1996,1994
ABRP,22,1,8/15/1996,QE,0,0,3/26/1995,1996,1994
ABRP,22,1,8/15/1996,QL,4,303,3/26/1995,1996,1994
ABRP,22,1,8/15/1996,QU,1,232,3/26/1995,1996,1994
ABRP,22,2,8/16/1996,HW,1,100,3/26/1995,1996,1994
ABRP,22,2,8/16/1996,PE,7,1320,3/26/1995,1996,1994
ABRP,22,2,8/16/1996,QE,0,0,3/26/1995,1996,1994
ABRP,22,2,8/16/1996,QL,6,507,3/26/1995,1996,1994
ABRP,22,2,8/16/1996,QU,0,0,3/26/1995,1996,1994
ABRP,22,3,8/16/1996,HW,3,470,3/26/1995,1996,1994
ABRP,22,3,8/16/1996,PE,0,0,3/26/1995,1996,1994
ABRP,22,3,8/16/1996,QE,6,1210,3/26/1995,1996,1994
ABRP,22,3,8/16/1996,QL,2,200,3/26/1995,1996,1994
ABRP,22,3,8/16/1996,QU,0,0,3/26/1995,1996,1994
ABRP,22,4,8/19/1996,HW,1,44,3/26/1995,1996,1994
ABRP,22,4,8/19/1996,PE,1,209,3/26/1995,1996,1994
ABRP,22,4,8/19/1996,QE,0,0,3/26/1995,1996,1994
ABRP,22,4,8/19/1996,QL,5,952,3/26/1995,1996,1994
ABRP,22,4,8/19/1996,QU,0,0,3/26/1995,1996,1994
ABRP,22,5,8/26/1996,HW,0,0,3/26/1995,1996,1994
ABRP,22,5,8/26/1996,PE,2,605,3/26/1995,1996,1994
ABRP,22,5,8/26/1996,QE,0,0,3/26/1995,1996,1994
ABRP,22,5,8/26/1996,QL,3,475,3/26/1995,1996,1994
ABRP,22,5,8/26/1996,QU,2,255,3/26/1995,1996,1994
ABRP,5,1,8/11/1997,HW,0,0,5/16/1996,1996,1994
ABRP,5,1,8/11/1997,PE,0,0,5/16/1996,1996,1994
ABRP,5,1,8/11/1997,PP,1,0.65,5/16/1996,1996,1994
ABRP,5,1,8/11/1997,QE,0,0,5/16/1996,1996,1994
ABRP,5,1,8/11/1997,QL,1,0.85,5/16/1996,1996,1994
ABRP,5,1,8/11/1997,QU,0,0,5/16/1996,1996,1994
ABRP,5,2,8/11/1997,HW,0,0,5/16/1996,1996,1994
ABRP,5,2,8/11/1997,PE,0,0,5/16/1996,1996,1994
ABRP,5,2,8/11/1997,PP,0,0,5/16/1996,1996,1994
ABRP,5,2,8/11/1997,QE,0,0,5/16/1996,1996,1994
ABRP,5,2,8/11/1997,QL,5,9.6,5/16/1996,1996,1994
ABRP,5,2,8/11/1997,QU,7,11.2,5/16/1996,1996,1994
ABRP,5,3,8/12/1997,HW,2,4.5,5/16/1996,1996,1994
ABRP,5,3,8/12/1997,PE,0,0,5/16/1996,1996,1994
ABRP,5,3,8/12/1997,PP,2,7.85,5/16/1996,1996,1994
ABRP,5,3,8/12/1997,QE,3,9.2,5/16/1996,1996,1994
ABRP,5,3,8/12/1997,QL,0,0,5/16/1996,1996,1994
ABRP,5,3,8/12/1997,QU,4,11.65,5/16/1996,1996,1994
ABRP,5,4,8/12/1997,HW,2,2.1,5/16/1996,1996,1994
ABRP,5,4,8/12/1997,PE,0,0,5/16/1996,1996,1994
ABRP,5,4,8/12/1997,PP,0,0,5/16/1996,1996,1994
ABRP,5,4,8/12/1997,QE,0,0,5/16/1996,1996,1994
ABRP,5,4,8/12/1997,QL,1,0.1,5/16/1996,1996,1994
ABRP,5,4,8/12/1997,QU,3,17.05,5/16/1996,1996,1994
ABRP,5,5,8/12/1997,HW,0,0,5/16/1996,1996,1994
ABRP,5,5,8/12/1997,PE,0,0,5/16/1996,1996,1994
ABRP,5,5,8/12/1997,PP,1,0.75,5/16/1996,1996,1994
ABRP,5,5,8/12/1997,QE,0,0,5/16/1996,1996,1994
ABRP,5,5,8/12/1997,QL,8,10.65,5/16/1996,1996,1994
ABRP,5,5,8/12/1997,QU,4,5.4,5/16/1996,1996,1994
ABRP,5,6,8/12/1997,HW,0,0,5/16/1996,1996,1994
ABRP,5,6,8/12/1997,PE,0,0,5/16/1996,1996,1994
ABRP,5,6,8/12/1997,PP,0,0,5/16/1996,1996,1994
ABRP,5,6,8/12/1997,QE,0,0,5/16/1996,1996,1994
ABRP,5,6,8/12/1997,QL,6,16.15,5/16/1996,1996,1994
ABRP,5,6,8/12/1997,QU,3,5.6,5/16/1996,1996,1994
ABRP,15,1,8/11/1997,HW,4,5.55,5/3/1996,1996,1996
ABRP,15,1,8/11/1997,PE,2,3.05,5/3/1996,1996,1996
ABRP,15,1,8/11/1997,PP,1,8.15,5/3/1996,1996,1996
ABRP,15,1,8/11/1997,QE,0,0,5/3/1996,1996,1996
ABRP,15,1,8/11/1997,QL,0,0,5/3/1996,1996,1996
ABRP,15,1,8/11/1997,QU,5,18.3,5/3/1996,1996,1996
ABRP,12,1,8/21/1998,QL,0,0,5/3/1996,1996,1996
ABRP,12,1,8/21/1998,QE,3,24.85,5/3/1996,1996,1996
ABRP,12,1,8/21/1998,QU,0,0,5/3/1996,1996,1996
ABRP,12,1,8/21/1998,HW,5,3.7,5/3/1996,1996,1996
ABRP,12,1,8/21/1998,PE,0,0,5/3/1996,1996,1996
ABRP,12,1,8/21/1998,PP,1,6.75,5/3/1996,1996,1996
ABRP,12,2,8/21/1998,QL,5,11,5/3/1996,1996,1996
ABRP,12,2,8/21/1998,QE,2,2.05,5/3/1996,1996,1996
ABRP,12,2,8/21/1998,QU,1,6.85,5/3/1996,1996,1996
ABRP,12,2,8/21/1998,HW,0,0,5/3/1996,1996,1996
ABRP,12,2,8/21/1998,PE,0,0,5/3/1996,1996,1996
ABRP,12,2,8/21/1998,PP,2,3.5,5/3/1996,1996,1996
ABRP,21,1,8/24/1998,QL,3,1.75,5/27/1997,1996,1996
ABRP,21,1,8/24/1998,QE,0,0,5/27/1997,1996,1996
ABRP,21,1,8/24/1998,QU,3,2.55,5/27/1997,1996,1996
ABRP,21,1,8/24/1998,HW,0,0,5/27/1997,1996,1996
ABRP,21,1,8/24/1998,PE,0,0,5/27/1997,1996,1996
ABRP,21,1,8/24/1998,PP,0,0,5/27/1997,1996,1996
ABRP,21,2,8/24/1998,QL,1,0.55,5/27/1997,1996,1996
ABRP,21,2,8/24/1998,QE,0,0,5/27/1997,1996,1996
ABRP,21,2,8/24/1998,QU,0,0,5/27/1997,1996,1996
ABRP,21,2,8/24/1998,HW,0,0,5/27/1997,1996,1996
ABRP,21,2,8/24/1998,PE,0,0,5/27/1997,1996,1996
ABRP,21,2,8/24/1998,PP,3,3.65,5/27/1997,1996,1996
ABRP,21,3,8/25/1998,QL,5,7.6,5/27/1997,1996,1996
ABRP,21,3,8/25/1998,QE,5,8.05,5/27/1997,1996,1996
ABRP,21,3,8/25/1998,QU,3,2.05,5/27/1997,1996,1996
ABRP,21,3,8/25/1998,HW,3,13.55,5/27/1997,1996,1996
ABRP,21,3,8/25/1998,PE,0,0,5/27/1997,1996,1996
ABRP,21,3,8/25/1998,PP,0,0,5/27/1997,1996,1996
ABRP,40,1,7/15/1998,QL,2,3.35,3/27/1992,1996,1996
ABRP,40,1,7/15/1998,QE,13,9.5,3/27/1992,1996,1996
ABRP,40,1,7/15/1998,QU,0,0,3/27/1992,1996,1996
ABRP,40,1,7/15/1998,HW,9,4.6,3/27/1992,1996,1996
ABRP,40,1,7/15/1998,PE,1,0.2,3/27/1992,1996,1996
ABRP,40,1,7/15/1998,PP,0,0,3/27/1992,1996,1996
ABRP,40,2,7/15/1998,QL,0,0,3/27/1992,1996,1996
ABRP,40,2,7/15/1998,QE,2,2.2,3/27/1992,1996,1996
ABRP,40,2,7/15/1998,QU,0,0,3/27/1992,1996,1996
ABRP,40,2,7/15/1998,HW,4,11.8,3/27/1992,1996,1996
ABRP,40,2,7/15/1998,PE,0,0,3/27/1992,1996,1996
ABRP,40,2,7/15/1998,PP,2,0.75,3/27/1992,1996,1996
ABRP,40,3,7/16/1998,QL,0,0,3/27/1992,1996,1996
ABRP,40,3,7/16/1998,QE,7,6.9,3/27/1992,1996,1996
ABRP,40,3,7/16/1998,QU,0,0,3/27/1992,1996,1996
ABRP,40,3,7/16/1998,HW,9,5.6,3/27/1992,1996,1996
ABRP,40,3,7/16/1998,PE,0,0,3/27/1992,1996,1996
ABRP,40,3,7/16/1998,PP,1,0.4,3/27/1992,1996,1996
ABRP,40,4,8/5/1998,QL,1,1.3,3/27/1992,1998,1996
ABRP,40,4,8/5/1998,QE,6,2.7,3/27/1992,1998,1996
ABRP,40,4,8/5/1998,QU,0,0,3/27/1992,1998,1996
ABRP,40,4,8/5/1998,HW,4,2.8,3/27/1992,1998,1996
ABRP,40,4,8/5/1998,PE,1,2.3,3/27/1992,1998,1996
ABRP,40,4,8/5/1998,PP,1,2.8,3/27/1992,1998,1996
ABRP,40,5,8/6/1998,QL,0,0,3/27/1992,1998,1996
ABRP,40,5,8/6/1998,QE,14,10.6,3/27/1992,1998,1996
ABRP,40,5,8/6/1998,QU,0,0,3/27/1992,1998,1996
ABRP,40,5,8/6/1998,HW,6,6.95,3/27/1992,1998,1996
ABRP,40,5,8/6/1998,PE,2,4.1,3/27/1992,1998,1996
ABRP,40,5,8/6/1998,PP,0,0,3/27/1992,1998,1996
ABRP,40,6,8/26/1998,QL,0,0,3/27/1992,1998,1996
ABRP,40,6,8/26/1998,QE,24,23.3,3/27/1992,1998,1996
ABRP,40,6,8/26/1998,QU,0,0,3/27/1992,1998,1996
ABRP,40,6,8/26/1998,HW,7,2.95,3/27/1992,1998,1996
ABRP,40,6,8/26/1998,PE,2,2.8,3/27/1992,1998,1996
ABRP,40,6,8/26/1998,PP,0,0,3/27/1992,1998,1996
ABRP,40,7,8/27/1998,QL,6,9.4,3/27/1992,1998,1996
ABRP,40,7,8/27/1998,QE,1,1.1,3/27/1992,1998,1996
ABRP,40,7,8/27/1998,QU,2,4.1,3/27/1992,1998,1996
ABRP,40,7,8/27/1998,HW,3,1.8,3/27/1992,1998,1996
ABRP,40,7,8/27/1998,PE,0,0,3/27/1992,1998,1996
ABRP,40,7,8/27/1998,PP,0,0,3/27/1992,1998,1996
ABRP,40,8,8/27/1998,QL,1,2.4,3/27/1992,1998,1996
ABRP,40,8,8/27/1998,QE,7,2.75,3/27/1992,1998,1996
ABRP,40,8,8/27/1998,QU,2,2.55,3/27/1992,1998,1996
ABRP,40,8,8/27/1998,HW,2,1.3,3/27/1992,1998,1996
ABRP,40,8,8/27/1998,PE,0,0,3/27/1992,1998,1996
ABRP,40,8,8/27/1998,PP,0,0,3/27/1992,1998,1996
ABRP,40,9,8/28/1998,QL,0,0,3/27/1992,1998,1996
ABRP,40,9,8/28/1998,QE,5,6.55,3/27/1992,1998,1996
ABRP,40,9,8/28/1998,QU,0,0,3/27/1992,1998,1996
ABRP,40,9,8/28/1998,HW,11,6.7,3/27/1992,1998,1996
ABRP,40,9,8/28/1998,PE,0,0,3/27/1992,1998,1996
ABRP,40,9,8/28/1998,PP,0,0,3/27/1992,1998,1996
ABRP,40,10,8/28/1998,QL,0,0,3/27/1992,1998,1996
ABRP,40,10,8/28/1998,QE,7,2.95,3/27/1992,1998,1996
ABRP,40,10,8/28/1998,QU,0,0,3/27/1992,1998,1996
ABRP,40,10,8/28/1998,HW,39,13.95,3/27/1992,1998,1996
ABRP,40,10,8/28/1998,PE,0,0,3/27/1992,1998,1996
ABRP,40,10,8/28/1998,PP,1,0.05,3/27/1992,1998,1996
ABRP,22,1,8/16/1999,QL,6,6.4,7/30/1998,1998,1996
ABRP,22,1,8/16/1999,QE,0,0,7/30/1998,1998,1996
ABRP,22,1,8/16/1999,QU,1,1.6,7/30/1998,1998,1996
ABRP,22,1,8/16/1999,HW,0,0,7/30/1998,1998,1996
ABRP,22,1,8/16/1999,PP,0,0,7/30/1998,1998,1996
ABRP,22,1,8/16/1999,PE,1,0.45,7/30/1998,1998,1996
ABRP,22,2,8/16/1999,QL,23,5.85,7/30/1998,1998,1996
ABRP,22,2,8/16/1999,QE,0,0,7/30/1998,1998,1996
ABRP,22,2,8/16/1999,QU,0,0,7/30/1998,1998,1996
ABRP,22,2,8/16/1999,HW,8,2.1,7/30/1998,1998,1996
ABRP,22,2,8/16/1999,PP,0,0,7/30/1998,1998,1996
ABRP,22,2,8/16/1999,PE,6,18.15,7/30/1998,1998,1996
ABRP,22,3,8/20/1999,QL,52,6.2,7/30/1998,1998,1996
ABRP,22,3,8/20/1999,QE,4,10.05,7/30/1998,1998,1996
ABRP,22,3,8/20/1999,QU,0,0,7/30/1998,1998,1996
ABRP,22,3,8/20/1999,HW,1,1.3,7/30/1998,1998,1996
ABRP,22,3,8/20/1999,PP,0,0,7/30/1998,1998,1996
ABRP,22,3,8/20/1999,PE,3,5,7/30/1998,1998,1996
ABRP,22,4,8/18/1999,QL,15,14.8,7/30/1998,1998,1996
ABRP,22,4,8/18/1999,QE,0,0,7/30/1998,1998,1996
ABRP,22,4,8/18/1999,QU,0,0,7/30/1998,1998,1996
ABRP,22,4,8/18/1999,HW,32,4.25,7/30/1998,1998,1996
ABRP,22,4,8/18/1999,PP,0,0,7/30/1998,1998,1996
ABRP,22,4,8/18/1999,PE,1,4.25,7/30/1998,1998,1996
ABRP,22,5,8/17/1999,QL,3,2.95,7/30/1998,1998,1996
ABRP,22,5,8/17/1999,QE,0,0,7/30/1998,1998,1996
ABRP,22,5,8/17/1999,QU,1,3.6,7/30/1998,1998,1996
ABRP,22,5,8/17/1999,HW,5,4.05,7/30/1998,1998,1996
ABRP,22,5,8/17/1999,PP,0,0,7/30/1998,1998,1996
ABRP,22,5,8/17/1999,PE,4,11.85,7/30/1998,1998,1996
ABRP,32,1,8/26/1999,QL,0,0,4/27/1998,1998,1996
ABRP,32,1,8/26/1999,QE,0,0,4/27/1998,1998,1996
ABRP,32,1,8/26/1999,QU,0,0,4/27/1998,1998,1996
ABRP,32,1,8/26/1999,HW,0,0,4/27/1998,1998,1996
ABRP,32,1,8/26/1999,PP,5,1.8,4/27/1998,1998,1996
ABRP,32,1,8/26/1999,PE,0,0,4/27/1998,1998,1996
ABRP,32,2,8/27/1999,QL,3,1.5,4/27/1998,1998,1996
ABRP,32,2,8/27/1999,QE,0,0,4/27/1998,1998,1996
ABRP,32,2,8/27/1999,QU,0,0,4/27/1998,1998,1996
ABRP,32,2,8/27/1999,HW,0,0,4/27/1998,1998,1996
ABRP,32,2,8/27/1999,PP,0,0,4/27/1998,1998,1996
ABRP,32,2,8/27/1999,PE,2,9.5,4/27/1998,1998,1996
ABRP,32,3,8/27/1999,QL,0,0,4/27/1998,1998,1996
ABRP,32,3,8/27/1999,QE,1,0.05,4/27/1998,1998,1996
ABRP,32,3,8/27/1999,QU,0,0,4/27/1998,1998,1996
ABRP,32,3,8/27/1999,HW,0,0,4/27/1998,1998,1996
ABRP,32,3,8/27/1999,PP,0,0,4/27/1998,1998,1996
ABRP,32,3,8/27/1999,PE,3,3.78,4/27/1998,1998,1996
ABRP,32,4,8/30/1999,QL,1,0.75,4/27/1998,1998,1996
ABRP,32,4,8/30/1999,QE,0,0,4/27/1998,1998,1996
ABRP,32,4,8/30/1999,QU,0,0,4/27/1998,1998,1996
ABRP,32,4,8/30/1999,HW,0,0,4/27/1998,1998,1996
ABRP,32,4,8/30/1999,PP,1,1.9,4/27/1998,1998,1996
ABRP,32,4,8/30/1999,PE,0,0,4/27/1998,1999,1996
ABRP,32,5,9/3/1999,QL,0,0,4/27/1998,1999,1996
ABRP,32,5,9/3/1999,QE,13,3.85,4/27/1998,1999,1996
ABRP,32,5,9/3/1999,QU,0,0,4/27/1998,1999,1996
ABRP,32,5,9/3/1999,HW,0,0,4/27/1998,1999,1996
ABRP,32,5,9/3/1999,PP,2,3.25,4/27/1998,1999,1996
ABRP,32,5,9/3/1999,PE,1,1.4,4/27/1998,1999,1996
ABRP,32,6,8/27/1999,QL,2,0.8,4/27/1998,1999,1996
ABRP,32,6,8/27/1999,QE,0,0,4/27/1998,1999,1996
ABRP,32,6,8/27/1999,QU,0,0,4/27/1998,1999,1996
ABRP,32,6,8/27/1999,HW,0,0,4/27/1998,1999,1996
ABRP,32,6,8/27/1999,PP,0,0,4/27/1998,1999,1996
ABRP,32,6,8/27/1999,PE,0,0,4/27/1998,1999,1996
ABRP,32,7,8/27/1999,8/23/1999,2,1.4,4/27/1998,1999,1996
ABRP,32,7,8/27/1999,QE,1,0.7,4/27/1998,1999,1996
ABRP,32,7,8/27/1999,QU,0,0,4/27/1998,1999,1996
ABRP,32,7,8/27/1999,HW,0,0,4/27/1998,1999,1996
ABRP,32,7,8/27/1999,PP,0,0,4/27/1998,1999,1996
ABRP,32,7,8/27/1999,PE,0,0,4/27/1998,1999,1996
ABRP,32,8,8/25/1999,QL,1,0.3,4/27/1998,1999,1996
ABRP,32,8,8/25/1999,QE,0,0,4/27/1998,1999,1996
ABRP,32,8,8/25/1999,QU,0,0,4/27/1998,1999,1996
ABRP,32,8,8/25/1999,HW,0,0,4/27/1998,1999,1996
ABRP,32,8,8/25/1999,PP,0,0,4/27/1998,1999,1996
ABRP,32,8,8/25/1999,PE,0,0,4/27/1998,1999,1996
ABRP,32,9,9/3/1999,QL,2,1.7,4/27/1998,1999,1996
ABRP,32,9,9/3/1999,QE,11,1.2,4/27/1998,1999,1996
ABRP,32,9,9/3/1999,QU,0,0,4/27/1998,1999,1996
ABRP,32,9,9/3/1999,HW,0,0,4/27/1998,1999,1996
ABRP,32,9,9/3/1999,PP,0,0,4/27/1998,1999,1996
ABRP,32,9,9/3/1999,PE,6,2.9,4/27/1998,1999,1996
ABRP,32,10,9/10/1999,QL,0,0,4/27/1998,1999,1996
ABRP,32,10,9/10/1999,QE,3,1.3,4/27/1998,1999,1996
ABRP,32,10,9/10/1999,QU,0,0,4/27/1998,1999,1996
ABRP,32,10,9/10/1999,HW,5,0.6,4/27/1998,1999,1996
ABRP,32,10,9/10/1999,PP,0,0,4/27/1998,1999,1996
ABRP,32,10,9/10/1999,PE,0,0,4/27/1998,1999,1996
ABRP,32,11,8/23/1999,QL,7,2.25,4/27/1998,1999,1996
ABRP,32,11,8/23/1999,QE,0,0,4/27/1998,1999,1996
ABRP,32,11,8/23/1999,QU,0,0,4/27/1998,1999,1996
ABRP,32,11,8/23/1999,HW,0,0,4/27/1998,1999,1996
ABRP,32,11,8/23/1999,PP,0,0,4/27/1998,1999,1996
ABRP,32,11,8/23/1999,PE,0,0,4/27/1998,1999,1996
ABRP,5,1,8/9/2000,QL,1,3.25,5/12/1999,2000,1996
ABRP,5,1,8/9/2000,QE,0,0,5/12/1999,2000,1996
ABRP,5,1,8/9/2000,QO,0,0,5/12/1999,2000,1996
ABRP,5,1,8/9/2000,HW,0,0,5/12/1999,2000,1996
ABRP,5,1,8/9/2000,PP,1,0.35,5/12/1999,2000,1996
ABRP,5,1,8/9/2000,PE,0,0,5/12/1999,2000,1996
ABRP,5,2,8/9/2000,QL,8,13.95,5/12/1999,2000,1996
ABRP,5,2,8/9/2000,QE,0,0,5/12/1999,2000,1996
ABRP,5,2,8/9/2000,QO,6,9.9,5/12/1999,2000,1996
ABRP,5,2,8/9/2000,HW,0,0,5/12/1999,2000,1996
ABRP,5,2,8/9/2000,PP,0,0,5/12/1999,2000,1996
ABRP,5,2,8/9/2000,PE,0,0,5/12/1999,2000,1996
ABRP,5,3,8/10/2000,QL,2,2.6,5/12/1999,2000,1996
ABRP,5,3,8/10/2000,QE,4,10.1,5/12/1999,2000,1996
ABRP,5,3,8/10/2000,QO,2,8.9,5/12/1999,2000,1996
ABRP,5,3,8/10/2000,HW,0,0,5/12/1999,2000,1996
ABRP,5,3,8/10/2000,PP,2,8.7,5/12/1999,2000,1996
ABRP,5,3,8/10/2000,PE,0,0,5/12/1999,2000,1996
ABRP,5,4,8/14/2000,QL,0,0,5/12/1999,2000,1996
ABRP,5,4,8/14/2000,QE,0,0,5/12/1999,2000,1996
ABRP,5,4,8/14/2000,QO,2,38.4,5/12/1999,2000,1996
ABRP,5,4,8/14/2000,HW,1,2.1,5/12/1999,2000,1996
ABRP,5,4,8/14/2000,PP,2,0.45,5/12/1999,2000,1996
ABRP,5,4,8/14/2000,PE,0,0,5/12/1999,2000,1996
ABRP,5,5,8/4/2000,QL,3,6.8,5/12/1999,2000,1996
ABRP,5,5,8/4/2000,QE,4,4.3,5/12/1999,2000,1996
ABRP,5,5,8/4/2000,QO,3,6.35,5/12/1999,2000,1996
ABRP,5,5,8/4/2000,HW,0,0,5/12/1999,2000,1996
ABRP,5,5,8/4/2000,PP,1,5.5,5/12/1999,2000,1996
ABRP,5,5,8/4/2000,PE,0,0,5/12/1999,2000,1996
ABRP,5,6,8/8/2000,QL,7,22.45,5/12/1999,2000,1996
ABRP,5,6,8/8/2000,QE,0,0,5/12/1999,2000,1996
ABRP,5,6,8/8/2000,QO,5,7.35,5/12/1999,2000,1996
ABRP,5,6,8/8/2000,HW,0,0,5/12/1999,2000,1996
ABRP,5,6,8/8/2000,PP,0,0,5/12/1999,2000,1996
ABRP,5,6,8/8/2000,PE,0,0,5/12/1999,2000,1996
ABRP,12,1,8/3/2000,QL,0,0,5/14/1999,2000,1996
ABRP,12,1,8/3/2000,QE,4,48.7,5/14/1999,2000,1996
ABRP,12,1,8/3/2000,QO,0,0,5/14/1999,2000,1996
ABRP,12,1,8/3/2000,HW,8,29.65,5/14/1999,2000,1996
ABRP,12,1,8/3/2000,PP,1,8.7,5/14/1999,2000,1996
ABRP,12,1,8/3/2000,PE,0,0,5/14/1999,2000,1996
ABRP,12,2,8/1/2000,QL,6,19.7,5/14/1999,2000,1996
ABRP,12,2,8/1/2000,QE,3,3.65,5/14/1999,2000,1996
ABRP,12,2,8/1/2000,QO,1,5.9,5/14/1999,2000,1996
ABRP,12,2,8/1/2000,HW,2,1.05,5/14/1999,2000,1996
ABRP,12,2,8/1/2000,PP,2,5.3,5/14/1999,2000,1996
ABRP,12,2,8/1/2000,PE,0,0,5/14/1999,2000,1996
ABRP,13,1,8/3/2000,QL,0,0,5/14/1999,2000,1996
ABRP,13,1,8/3/2000,QE,34,74.05,5/14/1999,2000,1996
ABRP,13,1,8/3/2000,QO,0,0,5/14/1999,2000,1996
ABRP,13,1,8/3/2000,HW,33,27.15,5/14/1999,2000,1996
ABRP,13,1,8/3/2000,PP,0,0,5/14/1999,2000,1996
ABRP,13,1,8/3/2000,PE,0,0,5/14/1999,2000,1996
ABRP,15,1,7/31/2000,QL,0,0,5/14/1999,2000,1996
ABRP,15,1,7/31/2000,QE,4,19.4,5/14/1999,2000,1996
ABRP,15,1,7/31/2000,QO,1,1.5,5/14/1999,2000,1996
ABRP,15,1,7/31/2000,HW,5,4.1,5/14/1999,2000,1996
ABRP,15,1,7/31/2000,PP,1,9,5/14/1999,2000,1996
ABRP,15,1,7/31/2000,PE,0,0,5/14/1999,2000,1996
ABRP,21,1,8/2/2001,QL,1,1.3,5/9/2000,2000,2000
ABRP,21,1,8/2/2001,HW,3,2.35,5/9/2000,2000,2000
ABRP,21,1,8/2/2001,PP,0,0,5/9/2000,2000,2000
ABRP,21,1,8/2/2001,PE,0,0,5/9/2000,2000,2000
ABRP,21,2,8/3/2001,QL,1,0.35,5/9/2000,2000,2000
ABRP,21,2,8/3/2001,HW,0,0,5/9/2000,2000,2000
ABRP,21,2,8/3/2001,PP,3,10.45,5/9/2000,2000,2000
ABRP,21,2,8/3/2001,PE,0,0,5/9/2000,2000,2000
ABRP,21,3,8/3/2001,QL,2,6.75,5/9/2000,2000,2000
ABRP,21,3,8/3/2001,HW,4,12.45,5/9/2000,2000,2000
ABRP,21,3,8/3/2001,PP,0,0,5/9/2000,2000,2000
ABRP,21,3,8/3/2001,PE,0,0,5/9/2000,2000,2000
ABRP,21,4,8/23/2001,QL,5,8.75,5/9/2000,2000,2000
ABRP,21,4,8/23/2001,HW,66,16.25,5/9/2000,2000,2000
ABRP,21,4,8/23/2001,PP,0,0,5/9/2000,2000,2000
ABRP,21,4,8/23/2001,PE,0,0,5/9/2000,2000,2000
ABRP,7,1,8/9/2001,QL,2,7.8,2/11/2000,2001,2000
ABRP,7,1,8/9/2001,HW,16,6.4,2/11/2000,2001,2000
ABRP,7,1,8/9/2001,PP,0,0,2/11/2000,2001,2000
ABRP,7,1,8/9/2001,PE,0,0,2/11/2000,2001,2000
ABRP,7,2,8/7/2001,QL,5,2.95,2/11/2000,2001,2000
ABRP,7,2,8/7/2001,HW,17,13.55,2/11/2000,2001,2000
ABRP,7,2,8/7/2001,PP,1,0.4,2/11/2000,2001,2000
ABRP,7,2,8/7/2001,PE,0,0,2/11/2000,2001,2000
ABRP,7,3,8/7/2001,QL,5,12,2/11/2000,2001,2000
ABRP,7,3,8/7/2001,HW,5,9.5,2/11/2000,2001,2000
ABRP,7,3,8/7/2001,PP,5,4.05,2/11/2000,2001,2000
ABRP,7,3,8/7/2001,PE,0,0,2/11/2000,2001,2000
ABRP,7,4,8/10/2001,QL,14,9.75,2/11/2000,2001,2000
ABRP,7,4,8/10/2001,HW,12,3,2/11/2000,2001,2000
ABRP,7,4,8/10/2001,PP,1,0.65,2/11/2000,2001,2000
ABRP,7,4,8/10/2001,PE,0,0,2/11/2000,2001,2000
ABRP,7,5,8/9/2001,QL,1,1.5,2/11/2000,2001,2000
ABRP,7,5,8/9/2001,HW,52,13.2,2/11/2000,2001,2000
ABRP,7,5,8/9/2001,PP,2,2.15,2/11/2000,2001,2000
ABRP,7,5,8/9/2001,PE,0,0,2/11/2000,2001,2000
ABRP,7,6,8/10/2001,QL,4,5.85,2/11/2000,2001,2000
ABRP,7,6,8/10/2001,HW,16,19,2/11/2000,2001,2000
ABRP,7,6,8/10/2001,PP,2,2.1,2/11/2000,2001,2000
ABRP,7,6,8/10/2001,PE,0,0,2/11/2000,2001,2000
ABRP,7,7,8/15/2001,QL,0,0,2/11/2000,2001,2000
ABRP,7,7,8/15/2001,HW,23,18.8,2/11/2000,2001,2000
ABRP,7,7,8/15/2001,PP,1,4.3,2/11/2000,2001,2000
ABRP,7,7,8/15/2001,PE,0,0,2/11/2000,2001,2000
ABRP,7,8,8/16/2001,QL,6,10.25,2/11/2000,2001,2000
ABRP,7,8,8/16/2001,HW,66,17.1,2/11/2000,2001,2000
ABRP,7,8,8/16/2001,PP,0,0,2/11/2000,2001,2000
ABRP,7,8,8/16/2001,PE,0,0,2/11/2000,2001,2000
ABRP,1,1,8/16/2001,QL,2,8.75,5/9/1996,2001,1996
ABRP,1,1,8/16/2001,HW,0,0,5/9/1996,2001,1996
ABRP,1,1,8/16/2001,PP,0,0,5/9/1996,2001,1996
ABRP,1,1,8/16/2001,PE,0,0,5/9/1996,2001,1996
ABRP,1,2,8/17/2001,QL,0,0,5/9/1996,2001,1996
ABRP,1,2,8/17/2001,HW,24,11.1,5/9/1996,2001,1996
ABRP,1,2,8/17/2001,PP,0,0,5/9/1996,2001,1996
ABRP,1,2,8/17/2001,PE,0,0,5/9/1996,2001,1996
ABRP,1,3,8/17/2001,QL,0,0,5/9/1996,2001,1996
ABRP,1,3,8/17/2001,HW,8,16.4,5/9/1996,2001,1996
ABRP,1,3,8/17/2001,PP,0,0,5/9/1996,2001,1996
ABRP,1,3,8/17/2001,PE,0,0,5/9/1996,2001,1996
ABRP,1,4,8/21/2001,QL,3,1.6,5/9/1996,2001,1996
ABRP,1,4,8/21/2001,HW,0,0,5/9/1996,2001,1996
ABRP,1,4,8/21/2001,PP,0,0,5/9/1996,2001,1996
ABRP,1,4,8/21/2001,PE,0,0,5/9/1996,2001,1996
ABRP,1,5,8/21/2001,QL,27,12.85,5/9/1996,2001,1996
ABRP,1,5,8/21/2001,HW,22,1,5/9/1996,2001,1996
ABRP,1,5,8/21/2001,PP,0,0,5/9/1996,2001,1996
ABRP,1,5,8/21/2001,PE,0,0,5/9/1996,2001,1996
ABRP,1,6,8/22/2001,QL,0,0,5/9/1996,2001,1996
ABRP,1,6,8/22/2001,HW,43,15.3,5/9/1996,2001,1996
ABRP,1,6,8/22/2001,PP,1,3.3,5/9/1996,2001,1996
ABRP,1,6,8/22/2001,PE,0,0,5/9/1996,2001,1996
ABRP,1,7,8/22/2001,QL,2,6.35,5/9/1996,2001,1996
ABRP,1,7,8/22/2001,HW,7,0.65,5/9/1996,2001,1996
ABRP,1,7,8/22/2001,PP,1,1.5,5/9/1996,2001,1996
ABRP,1,7,8/22/2001,PE,0,0,5/9/1996,2001,1996
ABRP,1,8,8/22/2001,QL,5,10,5/9/1996,2001,1996
ABRP,1,8,8/22/2001,HW,0,0,5/9/1996,2001,1996
ABRP,1,8,8/22/2001,PP,0,0,5/9/1996,2001,1996
ABRP,1,8,8/22/2001,PE,0,0,5/9/1996,2001,1996
ABRP,1,9,8/24/2001,QL,0,0,5/9/1996,2001,1996
ABRP,1,9,8/24/2001,HW,22,26.35,5/9/1996,2001,1996
ABRP,1,9,8/24/2001,PP,1,5.8,5/9/1996,2001,1996
ABRP,1,9,8/24/2001,PE,0,0,5/9/1996,2001,1996
ABRP,22,1,9/4/2002,QL,6,4.85,4/13/2001,2002,1996
ABRP,22,1,9/4/2002,HW,1,0.65,4/13/2001,2002,1996
ABRP,22,1,9/4/2002,PP,0,0,4/13/2001,2002,1996
ABRP,22,1,9/4/2002,PE,0,0,4/13/2001,2002,1996
ABRP,22,2,9/5/2002,QL,0,0,4/13/2001,2002,1996
ABRP,22,2,9/5/2002,HW,0,0,4/13/2001,2002,1996
ABRP,22,2,9/5/2002,PP,0,0,4/13/2001,2002,1996
ABRP,22,2,9/5/2002,PE,4,15.1,4/13/2001,2002,1996
ABRP,22,3,9/9/2002,QL,1,2.64,4/13/2001,2002,1996
ABRP,22,3,9/9/2002,HW,2,8.69,4/13/2001,2002,1996
ABRP,22,3,9/9/2002,PP,0,0,4/13/2001,2002,1996
ABRP,22,3,9/9/2002,PE,3,3.65,4/13/2001,2002,1996
ABRP,22,4,9/11/2002,QL,9,11.35,4/13/2001,2002,1996
ABRP,22,4,9/11/2002,HW,1,0.4,4/13/2001,2002,1996
ABRP,22,4,9/11/2002,PP,0,0,4/13/2001,2002,1996
ABRP,22,4,9/11/2002,PE,1,3.78,4/13/2001,2002,1996
ABRP,22,5,9/17/2002,QL,2,3.37,4/13/2001,2002,1996
ABRP,22,5,9/17/2002,HW,3,5.84,4/13/2001,2002,1996
ABRP,22,5,9/17/2002,PP,0,0,4/13/2001,2002,1996
ABRP,22,5,9/17/2002,PE,6,12.76,4/13/2001,2002,1996
ABRP,32,1,9/23/2002,QL,0,0,4/3/2001,2002,2001
ABRP,32,1,9/23/2002,HW,0,0,4/3/2001,2002,2001
ABRP,32,1,9/23/2002,PP,6,4.2,4/3/2001,2002,2001
ABRP,32,1,9/23/2002,PE,0,0,4/3/2001,2002,2001
ABRP,32,2,10/3/2002,QL,2,1.62,4/3/2001,2002,2001
ABRP,32,2,10/3/2002,HW,1,0.61,4/3/2001,2002,2001
ABRP,32,2,10/3/2002,PP,0,0,4/3/2001,2002,2001
ABRP,32,2,10/3/2002,PE,1,5.55,4/3/2001,2002,2001
ABRP,32,3,10/1/2002,QL,0,0,4/3/2001,2002,2001
ABRP,32,3,10/1/2002,HW,1,0.9,4/3/2001,2002,2001
ABRP,32,3,10/1/2002,PP,0,0,4/3/2001,2002,2001
ABRP,32,3,10/1/2002,PE,2,1.94,4/3/2001,2002,2001
ABRP,32,4,9/30/2002,QL,0,0,4/3/2001,2002,2001
ABRP,32,4,9/30/2002,HW,1,0.32,4/3/2001,2002,2001
ABRP,32,4,9/30/2002,PP,1,2.15,4/3/2001,2002,2001
ABRP,32,4,9/30/2002,PE,0,0,4/3/2001,2002,2001
ABRP,32,5,10/1/2002,QL,0,0,4/3/2001,2002,2001
ABRP,32,5,10/1/2002,HW,1,2.07,4/3/2001,2002,2001
ABRP,32,5,10/1/2002,PP,3,4.77,4/3/2001,2002,2001
ABRP,32,5,10/1/2002,PE,1,0.45,4/3/2001,2002,2001
ABRP,32,6,9/30/2002,QL,2,2.95,4/3/2001,2002,2001
ABRP,32,6,9/30/2002,HW,0,0,4/3/2001,2002,2001
ABRP,32,6,9/30/2002,PP,0,0,4/3/2001,2002,2001
ABRP,32,6,9/30/2002,PE,1,0.62,4/3/2001,2002,2001
ABRP,32,7,9/16/2002,QL,0,0,4/3/2001,2002,2001
ABRP,32,7,9/16/2002,HW,0,0,4/3/2001,2002,2001
ABRP,32,7,9/16/2002,PP,0,0,4/3/2001,2002,2001
ABRP,32,7,9/16/2002,PE,0,0,4/3/2001,2002,2001
ABRP,32,8,9/16/2002,QL,1,0.8,4/3/2001,2002,2001
ABRP,32,8,9/16/2002,HW,0,0,4/3/2001,2002,2001
ABRP,32,8,9/16/2002,PP,0,0,4/3/2001,2002,2001
ABRP,32,8,9/16/2002,PE,0,0,4/3/2001,2002,2001
ABRP,32,9,9/18/2002,QL,1,2,4/3/2001,2002,2001
ABRP,32,9,9/18/2002,HW,1,1.27,4/3/2001,2002,2001
ABRP,32,9,9/18/2002,PP,3,2.02,4/3/2001,2002,2001
ABRP,32,9,9/18/2002,PE,0,0,4/3/2001,2002,2001
ABRP,32,10,9/18/2002,QL,1,0.03,4/3/2001,2002,2001
ABRP,32,10,9/18/2002,HW,4,2.63,4/3/2001,2002,2001
ABRP,32,10,9/18/2002,PP,0,0,4/3/2001,2002,2001
ABRP,32,10,9/18/2002,PE,0,0,4/3/2001,2002,2001
ABRP,32,11,9/23/2002,QL,4,2.45,4/3/2001,2002,2001
ABRP,32,11,9/23/2002,HW,0,0,4/3/2001,2002,2001
ABRP,32,11,9/23/2002,PP,0,0,4/3/2001,2002,2001
ABRP,32,11,9/23/2002,PE,0,0,4/3/2001,2002,2001
ABRP,5,1,8/7/2003,QL,1,4.1,5/24/2002,2003,2001
ABRP,5,1,8/7/2003,HW,0,0,5/24/2002,2003,2001
ABRP,5,1,8/7/2003,PP,4,3.75,5/24/2002,2003,2001
ABRP,5,1,8/7/2003,PE,0,0,5/24/2002,2003,2001
ABRP,5,2,8/7/2003,QL,6,10.35,5/24/2002,2003,2001
ABRP,5,2,8/7/2003,HW,7,12.5,5/24/2002,2003,2001
ABRP,5,2,8/7/2003,PP,2,0.75,5/24/2002,2003,2001
ABRP,5,2,8/7/2003,PE,0,0,5/24/2002,2003,2001
ABRP,5,3,8/13/2003,QL,1,2.85,5/24/2002,2003,2001
ABRP,5,3,8/13/2003,HW,6,18.7,5/24/2002,2003,2001
ABRP,5,3,8/13/2003,PP,2,9.1,5/24/2002,2003,2001
ABRP,5,3,8/13/2003,PE,0,0,5/24/2002,2003,2001
ABRP,5,4,8/13/2003,QL,0,0,5/24/2002,2003,2001
ABRP,5,4,8/13/2003,HW,2,16.9,5/24/2002,2003,2001
ABRP,5,4,8/13/2003,PP,1,0.7,5/24/2002,2003,2001
ABRP,5,4,8/13/2003,PE,0,0,5/24/2002,2003,2001
ABRP,5,5,8/15/2003,QL,5,5.5,5/24/2002,2003,2001
ABRP,5,5,8/15/2003,HW,6,11.45,5/24/2002,2003,2001
ABRP,5,5,8/15/2003,PP,0,0,5/24/2002,2003,2001
ABRP,5,5,8/15/2003,PE,0,0,5/24/2002,2003,2001
ABRP,5,6,8/15/2003,QL,9,23.85,5/24/2002,2003,2001
ABRP,5,6,8/15/2003,HW,1,0.45,5/24/2002,2003,2001
ABRP,5,6,8/15/2003,PP,3,2,5/24/2002,2003,2001
ABRP,5,6,8/15/2003,PE,0,0,5/24/2002,2003,2001
ABRP,12,1,9/6/2003,QL,0,0,5/22/2002,2003,2001
ABRP,12,1,9/6/2003,HW,7,26.2,5/22/2002,2003,2001
ABRP,12,1,9/6/2003,PP,1,6.65,5/22/2002,2003,2001
ABRP,12,1,9/6/2003,PE,0,0,5/22/2002,2003,2001
ABRP,12,2,8/29/2003,QL,5,14.7,5/22/2002,2003,2001
ABRP,12,2,8/29/2003,HW,3,7.9,5/22/2002,2003,2001
ABRP,12,2,8/29/2003,PP,1,6.15,5/22/2002,2003,2001
ABRP,12,2,8/29/2003,PE,0,0,5/22/2002,2003,2001
ABRP,13,1,9/6/2003,QL,0,0,5/22/2002,2003,2001
ABRP,13,1,9/6/2003,HW,43,49.1,5/22/2002,2003,2001
ABRP,13,1,9/6/2003,PP,0,0,5/22/2002,2003,2001
ABRP,13,1,9/6/2003,PE,0,0,5/22/2002,2003,2001
ABRP,15,1,8/29/2003,QL,0,0,5/22/2002,2003,2001
ABRP,15,1,8/29/2003,HW,9,25.05,5/22/2002,2003,2001
ABRP,15,1,8/29/2003,PP,1,7.4,5/22/2002,2003,2001
ABRP,15,1,8/29/2003,PE,0,0,5/22/2002,2003,2001
ABRP,21,1,8/20/2003,QL,1,0.75,5/23/2002,2003,2001
ABRP,21,1,8/20/2003,HW,3,2.8,5/23/2002,2003,2001
ABRP,21,1,8/20/2003,PP,0,0,5/23/2002,2003,2001
ABRP,21,1,8/20/2003,PE,0,0,5/23/2002,2003,2001
ABRP,21,2,8/20/2003,QL,0,0,5/23/2002,2003,2001
ABRP,21,2,8/20/2003,HW,0,0,5/23/2002,2003,2001
ABRP,21,2,8/20/2003,PP,3,11.1,5/23/2002,2003,2001
ABRP,21,2,8/20/2003,PE,0,0,5/23/2002,2003,2001
ABRP,21,3,9/5/2003,QL,3,8,5/23/2002,2003,2001
ABRP,21,3,9/5/2003,HW,5,15.95,5/23/2002,2003,2001
ABRP,21,3,9/5/2003,PP,0,0,5/23/2002,2003,2001
ABRP,21,3,9/5/2003,PE,0,0,5/23/2002,2003,2001
ABRP,40,1,8/19/2003,QL,2,4.05,4/22/2002,2003,2001
ABRP,40,1,8/19/2003,HW,24,16.95,4/22/2002,2003,2001
ABRP,40,1,8/19/2003,PP,0,0,4/22/2002,2003,2001
ABRP,40,1,8/19/2003,PE,1,0.5,4/22/2002,2003,2001
ABRP,40,2,8/15/2003,QL,0,0,4/22/2002,2003,2001
ABRP,40,2,8/15/2003,HW,12,18.35,4/22/2002,2003,2001
ABRP,40,2,8/15/2003,PP,2,1.3,4/22/2002,2003,2001
ABRP,40,2,8/15/2003,PE,0,0,4/22/2002,2003,2001
ABRP,40,3,8/19/2003,QL,0,0,4/22/2002,2003,2001
ABRP,40,3,8/19/2003,HW,21,18.75,4/22/2002,2003,2001
ABRP,40,3,8/19/2003,PP,1,1.1,4/22/2002,2003,2001
ABRP,40,3,8/19/2003,PE,0,0,4/22/2002,2003,2001
ABRP,40,4,8/21/2003,QL,1,0.7,4/22/2002,2003,2001
ABRP,40,4,8/21/2003,HW,7,7.1,4/22/2002,2003,2001
ABRP,40,4,8/21/2003,PP,0,0,4/22/2002,2003,2001
ABRP,40,4,8/21/2003,PE,0,0,4/22/2002,2003,2001
ABRP,40,5,8/21/2003,QL,0,0,4/22/2002,2003,2001
ABRP,40,5,8/21/2003,HW,17,13.4,4/22/2002,2003,2001
ABRP,40,5,8/21/2003,PP,2,1.75,4/22/2002,2003,2001
ABRP,40,5,8/21/2003,PE,2,5.2,4/22/2002,2003,2001
ABRP,40,6,8/22/2003,QL,2,1.4,4/22/2002,2003,2001
ABRP,40,6,8/22/2003,HW,22,24.42,4/22/2002,2003,2001
ABRP,40,6,8/22/2003,PP,4,4.5,4/22/2002,2003,2001
ABRP,40,6,8/22/2003,PE,0,0,4/22/2002,2003,2001
ABRP,40,7,8/22/2003,QL,3,8.4,4/22/2002,2003,2001
ABRP,40,7,8/22/2003,HW,4,9.13,4/22/2002,2003,2001
ABRP,40,7,8/22/2003,PP,2,1.6,4/22/2002,2003,2001
ABRP,40,7,8/22/2003,PE,0,0,4/22/2002,2003,2001
ABRP,40,8,8/26/2003,QL,1,2.15,4/22/2002,2003,2001
ABRP,40,8,8/26/2003,HW,11,9.1,4/22/2002,2003,2001
ABRP,40,8,8/26/2003,PP,1,0.45,4/22/2002,2003,2001
ABRP,40,8,8/26/2003,PE,0,0,4/22/2002,2003,2001
ABRP,40,9,8/28/2003,QL,0,0,4/22/2002,2003,2001
ABRP,40,9,8/28/2003,HW,15,13.65,4/22/2002,2003,2001
ABRP,40,9,8/28/2003,PP,2,1.4,4/22/2002,2003,2001
ABRP,40,9,8/28/2003,PE,0,0,4/22/2002,2003,2001
ABRP,22,1,7/19/2004,QL,8,8.1,6/4/2003,2003,2003
ABRP,22,1,7/19/2004,HW,0,0,6/4/2003,2003,2003
ABRP,22,1,7/19/2004,PP,0,0,6/4/2003,2003,2003
ABRP,22,1,7/19/2004,PE,1,0.8,6/4/2003,2003,2003
ABRP,22,2,7/13/2004,QL,1,0.4,6/4/2003,2003,2003
ABRP,22,2,7/13/2004,HW,0,0,6/4/2003,2003,2003
ABRP,22,2,7/13/2004,PP,0,0,6/4/2003,2003,2003
ABRP,22,2,7/13/2004,PE,5,17.1,6/4/2003,2003,2003
ABRP,22,3,8/3/2004,QL,2,2.6,6/4/2003,2004,2003
ABRP,22,3,8/3/2004,HW,2,10.2,6/4/2003,2004,2003
ABRP,22,3,8/3/2004,PP,0,0,6/4/2003,2004,2003
ABRP,22,3,8/3/2004,PE,3,8,6/4/2003,2004,2003
ABRP,22,4,8/6/2004,QL,6,13.4,6/4/2003,2004,2003
ABRP,22,4,8/6/2004,HW,0,0,6/4/2003,2004,2003
ABRP,22,4,8/6/2004,PP,0,0,6/4/2003,2004,2003
ABRP,22,4,8/6/2004,PE,1,4.2,6/4/2003,2004,2003
ABRP,22,5,9/23/2004,QL,1,2.6,6/4/2003,2004,2003
ABRP,22,5,9/23/2004,HW,2,3.6,6/4/2003,2004,2003
ABRP,22,5,9/23/2004,PP,0,0,6/4/2003,2004,2003
ABRP,22,5,9/23/2004,PE,3,9.8,6/4/2003,2004,2003
ABRP,7,1,8/17/2004,QL,0,0,4/22/2003,2004,2003
ABRP,7,1,8/17/2004,HW,25,27.9,4/22/2003,2004,2003
ABRP,7,1,8/17/2004,PP,1,0.6,4/22/2003,2004,2003
ABRP,7,1,8/17/2004,PE,0,0,4/22/2003,2004,2003
ABRP,7,2,8/27/2004,QL,5,9.6,4/22/2003,2004,2003
ABRP,7,2,8/27/2004,HW,11,20.3,4/22/2003,2004,2003
ABRP,7,2,8/27/2004,PP,0,0,4/22/2003,2004,2003
ABRP,7,2,8/27/2004,PE,0,0,4/22/2003,2004,2003
ABRP,7,3,8/19/2004,QL,3,7.75,4/22/2003,2004,2003
ABRP,7,3,8/19/2004,HW,14,11.9,4/22/2003,2004,2003
ABRP,7,3,8/19/2004,PP,7,10.95,4/22/2003,2004,2003
ABRP,7,3,8/19/2004,PE,0,0,4/22/2003,2004,2003
ABRP,7,4,8/30/2004,QL,7,9.5,4/22/2003,2004,2003
ABRP,7,4,8/30/2004,HW,5,5.8,4/22/2003,2004,2003
ABRP,7,4,8/30/2004,PP,0,0,4/22/2003,2004,2003
ABRP,7,4,8/30/2004,PE,0,0,4/22/2003,2004,2003
ABRP,7,5,8/31/2004,QL,3,4.05,4/22/2003,2004,2003
ABRP,7,5,8/31/2004,HW,2,12.4,4/22/2003,2004,2003
ABRP,7,5,8/31/2004,PP,2,4.5,4/22/2003,2004,2003
ABRP,7,5,8/31/2004,PE,0,0,4/22/2003,2004,2003
ABRP,7,6,8/28/2004,QL,5,7.5,4/22/2003,2004,2003
ABRP,7,6,8/28/2004,HW,13,19.9,4/22/2003,2004,2003
ABRP,7,6,8/28/2004,PP,4,3.8,4/22/2003,2004,2003
ABRP,7,6,8/28/2004,PE,0,0,4/22/2003,2004,2003
ABRP,7,7,8/30/2004,QL,0,0,4/22/2003,2004,2003
ABRP,7,7,8/30/2004,HW,6,19.6,4/22/2003,2004,2003
ABRP,7,7,8/30/2004,PP,1,0.7,4/22/2003,2004,2003
ABRP,7,7,8/30/2004,PE,4,11.3,4/22/2003,2004,2003
ABRP,7,8,9/23/2004,QL,4,11,4/22/2003,2004,2003
ABRP,7,8,9/23/2004,HW,10,22.4,4/22/2003,2004,2003
ABRP,7,8,9/23/2004,PP,0,0,4/22/2003,2004,2003
ABRP,7,8,9/23/2004,PE,0,0,4/22/2003,2004,2003
ABRP,32,7,8/16/2005,QL,0,0,4/9/2004,2004,2004
ABRP,32,7,8/16/2005,HW,1,1.7,4/9/2004,2004,2004
ABRP,32,7,8/16/2005,PP,0,0,4/9/2004,2004,2004
ABRP,32,7,8/16/2005,PE,0,0,4/9/2004,2004,2004
ABRP,40,9,8/11/2005,QL,0,0,5/5/2004,2004,2004
ABRP,40,9,8/11/2005,HW,2,3.2,5/5/2004,2004,2004
ABRP,40,9,8/11/2005,PP,0,1.3,5/5/2004,2004,2004
ABRP,40,9,8/11/2005,PE,0,0,5/5/2004,2004,2004
ABRP,40,8,8/23/2005,QL,0,0,5/5/2004,2004,2004
ABRP,40,8,8/23/2005,HW,6,11.3,5/5/2004,2004,2004
ABRP,40,8,8/23/2005,PP,1,6.8,5/5/2004,2004,2004
ABRP,40,8,8/23/2005,PE,0,0,5/5/2004,2004,2004
ABRP,40,2,8/23/2005,QL,0,0,5/5/2004,2004,2004
ABRP,40,2,8/23/2005,HW,2,8.7,5/5/2004,2004,2004
ABRP,40,2,8/23/2005,PP,2,1.1,5/5/2004,2004,2004
ABRP,40,2,8/23/2005,PE,0,0,5/5/2004,2004,2004
ABRP,40,1,8/29/2005,QL,0,0,5/5/2004,2004,2004
ABRP,40,1,8/29/2005,HW,3,2.8,5/5/2004,2004,2004
ABRP,40,1,8/29/2005,PP,0,0,5/5/2004,2004,2004
ABRP,40,1,8/29/2005,PE,0,0.1,5/5/2004,2004,2004
ABRP,32,11,8/17/2005,QL,0,0,4/9/2004,2004,2004
ABRP,32,11,8/17/2005,HW,0,1.3,4/9/2004,2004,2004
ABRP,32,11,8/17/2005,PP,0,0,4/9/2004,2004,2004
ABRP,32,11,8/17/2005,PE,0,0,4/9/2004,2004,2004
ABRP,32,10,8/8/2005,QL,0,0,4/9/2004,2005,2004
ABRP,32,10,8/8/2005,HW,5,5.4,4/9/2004,2005,2004
ABRP,32,10,8/8/2005,PP,0,0,4/9/2004,2005,2004
ABRP,32,10,8/8/2005,PE,0,0,4/9/2004,2005,2004
ABRP,32,9,8/8/2005,QL,0,0,4/9/2004,2005,2004
ABRP,32,9,8/8/2005,HW,2,3.7,4/9/2004,2005,2004
ABRP,32,9,8/8/2005,PP,2,2.5,4/9/2004,2005,2004
ABRP,32,9,8/8/2005,PE,0,0,4/9/2004,2005,2004
ABRP,32,8,8/18/2005,QL,0,0,4/9/2004,2005,2004
ABRP,32,8,8/18/2005,HW,0,0,4/9/2004,2005,2004
ABRP,32,8,8/18/2005,PP,0,0,4/9/2004,2005,2004
ABRP,32,8,8/18/2005,PE,0,0,4/9/2004,2005,2004
ABRP,32,6,8/16/2005,QL,0,0,4/9/2004,2005,2004
ABRP,32,6,8/16/2005,HW,0,0,4/9/2004,2005,2004
ABRP,32,6,8/16/2005,PP,0,2.3,4/9/2004,2005,2004
ABRP,32,6,8/16/2005,PE,0,0,4/9/2004,2005,2004
ABRP,32,5,8/10/2005,QL,0,0,4/9/2004,2005,2004
ABRP,32,5,8/10/2005,HW,2,3.4,4/9/2004,2005,2004
ABRP,32,5,8/10/2005,PP,3,1.1,4/9/2004,2005,2004
ABRP,32,5,8/10/2005,PE,0,0,4/9/2004,2005,2004
ABRP,32,4,8/13/2005,QL,0,0,4/9/2004,2005,2004
ABRP,32,4,8/13/2005,HW,0,0,4/9/2004,2005,2004
ABRP,32,4,8/13/2005,PP,0,2.3,4/9/2004,2005,2004
ABRP,32,4,8/13/2005,PE,0,0,4/9/2004,2005,2004
ABRP,32,3,8/13/2005,QL,0,0,4/9/2004,2005,2004
ABRP,32,3,8/13/2005,HW,1,0.3,4/9/2004,2005,2004
ABRP,32,3,8/13/2005,PP,0,0,4/9/2004,2005,2004
ABRP,32,3,8/13/2005,PE,1,0.8,4/9/2004,2005,2004
ABRP,32,2,8/17/2005,QL,0,0,4/9/2004,2005,2004
ABRP,32,2,8/17/2005,HW,1,0.2,4/9/2004,2005,2004
ABRP,32,2,8/17/2005,PP,0,0,4/9/2004,2005,2004
ABRP,32,2,8/17/2005,PE,1,4,4/9/2004,2005,2004
ABRP,32,1,8/18/2005,QL,0,0,4/9/2004,2005,2004
ABRP,32,1,8/18/2005,HW,0,0,4/9/2004,2005,2004
ABRP,32,1,8/18/2005,PP,3,7.7,4/9/2004,2005,2004
ABRP,32,1,8/18/2005,PE,0,0,4/9/2004,2005,2004
ABRP,21,3,8/23/2005,QL,0,0,4/14/2004,2005,2004
ABRP,21,3,8/23/2005,HW,4,18.1,4/14/2004,2005,2004
ABRP,21,3,8/23/2005,PP,0,0,4/14/2004,2005,2004
ABRP,21,3,8/23/2005,PE,0,0,4/14/2004,2005,2004
ABRP,21,2,8/25/2005,QL,0,0,4/14/2004,2005,2004
ABRP,21,2,8/25/2005,HW,0,0.1,4/14/2004,2005,2004
ABRP,21,2,8/25/2005,PP,0,49.8,4/14/2004,2005,2004
ABRP,21,2,8/25/2005,PE,0,0,4/14/2004,2005,2004
ABRP,21,1,8/25/2005,QL,0,0,4/14/2004,2005,2004
ABRP,21,1,8/25/2005,HW,0,2.2,4/14/2004,2005,2004
ABRP,21,1,8/25/2005,PP,0,0,4/14/2004,2005,2004
ABRP,21,1,8/25/2005,PE,0,0,4/14/2004,2005,2004
ABRP,15,1,8/27/2005,QL,0,0,5/7/2004,2005,2004
ABRP,15,1,8/27/2005,HW,3,19.8,5/7/2004,2005,2004
ABRP,15,1,8/27/2005,PP,0,6,5/7/2004,2005,2004
ABRP,15,1,8/27/2005,PE,0,0,5/7/2004,2005,2004
ABRP,13,1,8/15/2005,QL,0,0,5/7/2004,2005,2004
ABRP,13,1,8/15/2005,HW,17,50,5/7/2004,2005,2004
ABRP,13,1,8/15/2005,PP,0,1.8,5/7/2004,2005,2004
ABRP,13,1,8/15/2005,PE,0,0,5/7/2004,2005,2004
ABRP,12,2,8/27/2005,QL,0,0,5/7/2004,2005,2004
ABRP,12,2,8/27/2005,HW,5,19.6,5/7/2004,2005,2004
ABRP,12,2,8/27/2005,PP,1,2.6,5/7/2004,2005,2004
ABRP,12,2,8/27/2005,PE,0,3.3,5/7/2004,2005,2004
ABRP,12,1,8/15/2005,QL,0,0,5/7/2004,2005,2004
ABRP,12,1,8/15/2005,HW,5,28.2,5/7/2004,2005,2004
ABRP,12,1,8/15/2005,PP,1,7.1,5/7/2004,2005,2004
ABRP,12,1,8/15/2005,PE,0,0,5/7/2004,2005,2004
ABRP,1,9,8/27/2005,QL,0,0,7/20/2004,2005,2004
ABRP,1,9,8/27/2005,HW,15,27.8,7/20/2004,2005,2004
ABRP,1,9,8/27/2005,PP,0,0,7/20/2004,2005,2004
ABRP,1,9,8/27/2005,PE,0,0,7/20/2004,2005,2004
ABRP,1,7,8/24/2005,QL,0,0,7/20/2004,2005,2004
ABRP,1,7,8/24/2005,HW,3,5.1,7/20/2004,2005,2004
ABRP,1,7,8/24/2005,PP,2,0.4,7/20/2004,2005,2004
ABRP,1,7,8/24/2005,PE,0,0,7/20/2004,2005,2004
ABRP,1,6,8/24/2005,QL,0,0,7/20/2004,2005,2004
ABRP,1,6,8/24/2005,HW,4,17.9,7/20/2004,2005,2004
ABRP,1,6,8/24/2005,PP,1,3.9,7/20/2004,2005,2004
ABRP,1,6,8/24/2005,PE,0,0,7/20/2004,2005,2004
ABRP,1,5,8/19/2005,QL,0,0,7/20/2004,2005,2004
ABRP,1,5,8/19/2005,HW,3,19.2,7/20/2004,2005,2004
ABRP,1,5,8/19/2005,PP,0,0,7/20/2004,2005,2004
ABRP,1,5,8/19/2005,PE,0,0,7/20/2004,2005,2004
ABRP,1,4,8/19/2005,QL,0,0,7/20/2004,2005,2004
ABRP,1,4,8/19/2005,HW,0,1.3,7/20/2004,2005,2004
ABRP,1,4,8/19/2005,PP,1,1.4,7/20/2004,2005,2004
ABRP,1,4,8/19/2005,PE,0,0,7/20/2004,2005,2004
ABRP,1,3,8/19/2005,QL,0,0,7/20/2004,2005,2004
ABRP,1,3,8/19/2005,HW,3,23,7/20/2004,2005,2004
ABRP,1,3,8/19/2005,PP,1,0.7,7/20/2004,2005,2004
ABRP,1,3,8/19/2005,PE,0,0,7/20/2004,2005,2004
ABRP,1,2,8/18/2005,QL,0,0,7/20/2004,2005,2004
ABRP,1,2,8/18/2005,HW,9,15.8,7/20/2004,2005,2004
ABRP,1,2,8/18/2005,PP,0,0,7/20/2004,2005,2004
ABRP,1,2,8/18/2005,PE,0,0,7/20/2004,2005,2004
ABRP,1,1,8/18/2005,QL,0,0,7/20/2004,2005,2004
ABRP,1,1,8/18/2005,HW,0,17.5,7/20/2004,2005,2004
ABRP,1,1,8/18/2005,PP,0,0,7/20/2004,2005,2004
ABRP,1,1,8/18/2005,PE,0,0,7/20/2004,2005,2004
ABRP,5,2,9/3/2005,QL,0,0,5/13/2004,2005,2004
ABRP,5,2,9/3/2005,HW,7,17.4,5/13/2004,2005,2004
ABRP,5,2,9/3/2005,PP,2,2.4,5/13/2004,2005,2004
ABRP,5,2,9/3/2005,PE,0,0,5/13/2004,2005,2004
ABRP,5,3,9/3/2005,QL,0,0,5/13/2004,2005,2004
ABRP,5,3,9/3/2005,HW,6,17.3,5/13/2004,2005,2004
ABRP,5,3,9/3/2005,PP,2,5.2,5/13/2004,2005,2004
ABRP,5,3,9/3/2005,PE,0,0,5/13/2004,2005,2004
ABRP,5,4,9/3/2005,QL,0,0,5/13/2004,2005,2004
ABRP,5,4,9/3/2005,HW,3,21.4,5/13/2004,2005,2004
ABRP,5,4,9/3/2005,PP,2,3.2,5/13/2004,2005,2004
ABRP,5,4,9/3/2005,PE,0,0,5/13/2004,2005,2004
ABRP,40,5,9/13/2005,QL,0,0,5/5/2004,2005,2004
ABRP,40,5,9/13/2005,HW,0,2.4,5/5/2004,2005,2004
ABRP,40,5,9/13/2005,PP,0,2.6,5/5/2004,2005,2004
ABRP,40,5,9/13/2005,PE,0,3.7,5/5/2004,2005,2004
ABRP,40,4,9/13/2005,QL,0,0,5/5/2004,2005,2004
ABRP,40,4,9/13/2005,HW,0,2,5/5/2004,2005,2004
ABRP,40,4,9/13/2005,PP,0,1.9,5/5/2004,2005,2004
ABRP,40,4,9/13/2005,PE,0,0,5/5/2004,2005,2004
ABRP,40,6,9/13/2005,QL,0,0,5/5/2004,2005,2004
ABRP,40,6,9/13/2005,HW,1,0.4,5/5/2004,2005,2004
ABRP,40,6,9/13/2005,PP,1,1.2,5/5/2004,2005,2004
ABRP,40,6,9/13/2005,PE,2,2.9,5/5/2004,2005,2004
ABRP,40,3,9/13/2005,QL,0,0,5/5/2004,2005,2004
ABRP,40,3,9/13/2005,HW,1,5.5,5/5/2004,2005,2004
ABRP,40,3,9/13/2005,PP,0,0,5/5/2004,2005,2004
ABRP,40,3,9/13/2005,PE,0,0,5/5/2004,2005,2004
ABRP,5,6,9/12/2005,QL,0,0,5/13/2004,2005,2004
ABRP,5,6,9/12/2005,HW,4,24.6,5/13/2004,2005,2004
ABRP,5,6,9/12/2005,PP,0,0,5/13/2004,2005,2004
ABRP,5,6,9/12/2005,PE,0,0,5/13/2004,2005,2004
ABRP,5,5,9/12/2005,QL,0,0,5/13/2004,2005,2004
ABRP,5,5,9/12/2005,HW,2,13.1,5/13/2004,2005,2004
ABRP,5,5,9/12/2005,PP,0,6.8,5/13/2004,2005,2004
ABRP,5,5,9/12/2005,PE,0,0,5/13/2004,2005,2004
ABRP,5,1,9/12/2005,QL,0,0,5/13/2004,2005,2004
ABRP,5,1,9/12/2005,HW,1,2.8,5/13/2004,2005,2004
ABRP,5,1,9/12/2005,PP,4,6.5,5/13/2004,2005,2004
ABRP,5,1,9/12/2005,PE,0,0,5/13/2004,2005,2004
ABRP,40,7,9/14/2005,QL,0,0,5/5/2004,2005,2004
ABRP,40,7,9/14/2005,HW,3,6.9,5/5/2004,2005,2004
ABRP,40,7,9/14/2005,PP,1,2,5/5/2004,2005,2004
ABRP,40,7,9/14/2005,PE,0,0,5/5/2004,2005,2004
ABRP,22,5,8/29/2006,QL,1,3.9,2005,2005,2005
ABRP,22,5,8/29/2006,HW,2,3.5,2005,2005,2005
ABRP,22,5,8/29/2006,PP,0,0,2005,2005,2005
ABRP,22,5,8/29/2006,PE,5,9.2,2005,2005,2005
ABRP,22,4,8/29/2006,QL,3,7.1,2005,2005,2005
ABRP,22,4,8/29/2006,HW,0,0,2005,2005,2005
ABRP,22,4,8/29/2006,PP,0,0,2005,2005,2005
ABRP,22,4,8/29/2006,PE,1,4.5,2005,2005,2005
ABRP,22,3,8/29/2006,QL,2,3.3,2005,2005,2005
ABRP,22,3,8/29/2006,HW,3,11,2005,2005,2005
ABRP,22,3,8/29/2006,PP,0,0,2005,2005,2005
ABRP,22,3,8/29/2006,PE,1,5.1,2005,2005,2005
ABRP,22,2,8/29/2006,QL,8,2.4,2005,2005,2005
ABRP,22,2,8/29/2006,HW,0,0,2005,2005,2005
ABRP,22,2,8/29/2006,PP,0,0,2005,2005,2005
ABRP,22,2,8/29/2006,PE,3,17,2005,2005,2005
ABRP,22,1,8/29/2006,QL,1,2.1,2005,2005,2005
ABRP,22,1,8/29/2006,HW,0,0,2005,2005,2005
ABRP,22,1,8/29/2006,PP,0,0,2005,2005,2005
ABRP,22,1,8/29/2006,PE,0,0,2005,2005,2005
ABRP,1,1,9/6/2007,QL,2,12.4,2006,2007,2006
ABRP,1,1,9/6/2007,HW,5,4.6,2006,2007,2006
ABRP,1,1,9/6/2007,PP,0,0,2006,2007,2006
ABRP,1,1,9/6/2007,PE,0,0,2006,2007,2006
ABRP,1,2,9/6/2007,QL,1,1.1,2006,2007,2006
ABRP,1,2,9/6/2007,HW,7,16.6,2006,2007,2006
ABRP,1,2,9/6/2007,PP,0,0,2006,2007,2006
ABRP,1,2,9/6/2007,PE,0,0,2006,2007,2006
ABRP,1,3,9/10/2007,QL,7,18.2,2006,2007,2006
ABRP,1,3,9/10/2007,HW,6,10.9,2006,2007,2006
ABRP,1,3,9/10/2007,PP,0,0,2006,2007,2006
ABRP,1,3,9/10/2007,PE,0,0,2006,2007,2006
ABRP,1,4,9/10/2007,QL,4,5.3,2006,2007,2006
ABRP,1,4,9/10/2007,HW,0,0,2006,2007,2006
ABRP,1,4,9/10/2007,PP,2,2,2006,2007,2006
ABRP,1,4,9/10/2007,PE,0,0,2006,2007,2006
ABRP,1,5,9/12/2007,QL,7,17.3,2006,2007,2006
ABRP,1,5,9/12/2007,HW,3,2,2006,2007,2006
ABRP,1,5,9/12/2007,PP,2,1.35,2006,2007,2006
ABRP,1,5,9/12/2007,PE,0,0,2006,2007,2006
ABRP,1,6,9/18/2007,QL,0,0,2006,2007,2006
ABRP,1,6,9/18/2007,HW,5,19.5,2006,2007,2006
ABRP,1,6,9/18/2007,PP,1,0.8,2006,2007,2006
ABRP,1,6,9/18/2007,PE,0,0,2006,2007,2006
ABRP,1,7,9/17/2007,QL,0,0,2006,2007,2006
ABRP,1,7,9/17/2007,HW,1,1.1,2006,2007,2006
ABRP,1,7,9/17/2007,PP,3,4.1,2006,2007,2006
ABRP,1,7,9/17/2007,PE,0,0,2006,2007,2006
ABRP,1,8,9/17/2007,QL,3,12.9,2006,2007,2006
ABRP,1,8,9/17/2007,HW,0,0,2006,2007,2006
ABRP,1,8,9/17/2007,PP,1,0.3,2006,2007,2006
ABRP,1,8,9/17/2007,PE,0,0,2006,2007,2006
ABRP,1,9,9/18/2007,QL,2,1.5,2006,2007,2006
ABRP,1,9,9/18/2007,HW,14,39.5,2006,2007,2006
ABRP,1,9,9/18/2007,PP,0,0,2006,2007,2006
ABRP,1,9,9/18/2007,PE,1,5.4,2006,2007,2006
ABRP,21,1,10/2/2007,QL,0,0,2006,2007,2006
ABRP,21,1,10/2/2007,HW,3,2.1,2006,2007,2006
ABRP,21,1,10/2/2007,PP,0,0,2006,2007,2006
ABRP,21,1,10/2/2007,PE,0,0,2006,2007,2006
ABRP,21,2,10/2/2007,QL,0,0,2006,2007,2006
ABRP,21,2,10/2/2007,HW,0,0,2006,2007,2006
ABRP,21,2,10/2/2007,PP,3,9.2,2006,2007,2006
ABRP,21,2,10/2/2007,PE,0,0,2006,2007,2006
ABRP,21,3,10/2/2007,QL,4,5.9,2006,2007,2006
ABRP,21,3,10/2/2007,HW,3,6,2006,2007,2006
ABRP,21,3,10/2/2007,PP,0,2.3,2006,2007,2006
ABRP,21,3,10/2/2007,PE,0,7.8,2006,2007,2006
ABRP,7,4,8/21/2008,QL,0,0,2006,2007,2006
ABRP,7,4,8/21/2008,HW,0,0,2006,2007,2006
ABRP,7,4,8/21/2008,PP,1,1,2006,2007,2006
ABRP,7,4,8/21/2008,PE,0,0,2006,2007,2006
ABRP,7,3,8/21/2008,QL,4,11.8,2006,2007,2006
ABRP,7,3,8/21/2008,QE,2,3.6,2006,2007,2006
ABRP,7,3,8/21/2008,HW,4,6.5,2006,2007,2006
ABRP,7,3,8/21/2008,PP,7,7.5,2006,2007,2006
ABRP,7,3,8/21/2008,PE,0,0,2006,2007,2006
ABRP,7,2,8/21/2008,QL,1,1.2,2006,2007,2006
ABRP,7,2,8/21/2008,QE,9,14,2006,2007,2006
ABRP,7,2,8/21/2008,QUO,4,4.6,2006,2007,2006
ABRP,7,2,8/21/2008,HW,4,0.7,2006,2007,2006
ABRP,7,2,8/21/2008,PP,0,0,2006,2007,2006
ABRP,7,2,8/21/2008,PE,0,0,2006,2007,2006
ABRP,7,1,8/20/2008,QL,0,0,2006,2007,2006
ABRP,7,1,8/20/2008,QE,8,15.5,2006,2007,2006
ABRP,7,1,8/20/2008,QUO,1,4.1,2006,2007,2006
ABRP,7,1,8/20/2008,HW,3,4.5,2006,2007,2006
ABRP,7,1,8/20/2008,PP,0,0,2006,2007,2006
ABRP,7,1,8/20/2008,PE,0,0,2006,2007,2006
ABRP,7,8,8/20/2008,QL,0,0,2006,2007,2006
ABRP,7,8,8/20/2008,HW,0,0,2006,2007,2006
ABRP,7,8,8/20/2008,PP,2,3.5,2006,2007,2006
ABRP,7,8,8/20/2008,PE,0,0,2006,2007,2006
ABRP,15,1,8/19/2008,QL,0,0,2007,2007,2007
ABRP,15,1,8/19/2008,QE,3,21.9,2007,2007,2007
ABRP,15,1,8/19/2008,QUO,1,3,2007,2007,2007
ABRP,15,1,8/19/2008,HW,1,6.3,2007,2007,2007
ABRP,15,1,8/19/2008,PP,1,4.4,2007,2007,2007
ABRP,15,1,8/19/2008,PE,0,0,2007,2007,2007
ABRP,22,3,7/23/2008,QL,3,1.9,2007,2007,2007
ABRP,22,3,7/23/2008,QE,1,8,2007,2007,2007
ABRP,22,3,7/23/2008,QUO,2,1.6,2007,2007,2007
ABRP,22,3,7/23/2008,HW,0,0,2007,2007,2007
ABRP,22,3,7/23/2008,PP,0,0,2007,2007,2007
ABRP,22,3,7/23/2008,PE,1,2.4,2007,2007,2007
ABRP,22,5,7/24/2008,QL,0,0,2007,2007,2007
ABRP,22,5,7/24/2008,QUO,1,2.5,2007,2007,2007
ABRP,22,5,7/24/2008,HW,2,3.2,2007,2007,2007
ABRP,22,5,7/24/2008,PP,0,0,2007,2007,2007
ABRP,22,5,7/24/2008,PE,4,7.2,2007,2007,2007
ABRP,22,4,7/23/2008,QL,1,3,2007,2007,2007
ABRP,22,4,7/23/2008,HW,0,0,2007,2007,2007
ABRP,22,4,7/23/2008,PP,0,0,2007,2007,2007
ABRP,22,4,7/23/2008,PE,1,3.2,2007,2007,2007
ABRP,22,2,7/11/2008,QL,0,0,2007,2007,2007
ABRP,22,2,7/11/2008,HW,0,0,2007,2007,2007
ABRP,22,2,7/11/2008,PP,0,0,2007,2007,2007
ABRP,22,2,7/11/2008,PE,5,13.6,2007,2007,2007
ABRP,22,1,7/11/2008,QL,0,0,2007,2007,2007
ABRP,22,1,7/11/2008,HW,0,0,2007,2007,2007
ABRP,22,1,7/11/2008,PP,0,0,2007,2007,2007
ABRP,22,1,7/11/2008,PE,1,0.4,2007,2007,2007
ABRP,40,6,8/1/2008,QL,0,0,2006,2008,2008
ABRP,40,6,8/1/2008,QE,16,6.1,2006,2008,2008
ABRP,40,6,8/1/2008,HW,0,0,2006,2008,2008
ABRP,40,6,8/1/2008,PP,3,4.1,2006,2008,2008
ABRP,40,6,8/1/2008,PE,0,0,2006,2008,2008
ABRP,40,5,7/31/2008,QL,0,0,2006,2008,2008
ABRP,40,5,7/31/2008,QE,2,2.7,2006,2008,2008
ABRP,40,5,7/31/2008,HW,0,0,2006,2008,2008
ABRP,40,5,7/31/2008,PP,2,8.7,2006,2008,2008
ABRP,40,5,7/31/2008,PE,2,3.6,2006,2008,2008
ABRP,40,4,7/31/2008,QL,1,0.7,2006,2008,2008
ABRP,40,4,7/31/2008,HW,0,0,2006,2008,2008
ABRP,40,4,7/31/2008,PP,0,0,2006,2008,2008
ABRP,40,4,7/31/2008,PE,0,0,2006,2008,2008
ABRP,40,3,7/30/2008,QL,0,0,2006,2008,2008
ABRP,40,3,7/30/2008,HW,0,0,2006,2008,2008
ABRP,40,3,7/30/2008,PP,0,0,2006,2008,2008
ABRP,40,3,7/30/2008,PE,0,0,2006,2008,2008
ABRP,40,2,7/30/2008,QL,0,0,2006,2008,2008
ABRP,40,2,7/30/2008,HW,3,1.5,2006,2008,2008
ABRP,40,2,7/30/2008,PP,1,0.7,2006,2008,2008
ABRP,40,2,7/30/2008,PE,3,1.2,2006,2008,2008
ABRP,40,9,8/19/2008,QL,0,0,2006,2008,2008
ABRP,40,9,8/19/2008,QE,9,4.2,2006,2008,2008
ABRP,40,9,8/19/2008,HW,0,0,2006,2008,2008
ABRP,40,9,8/19/2008,PP,0,0,2006,2008,2008
ABRP,40,9,8/19/2008,PE,0,0,2006,2008,2008
ABRP,40,8,8/14/2008,QL,0,0,2006,2008,2008
ABRP,40,8,8/14/2008,QE,0,0,2006,2008,2008
ABRP,40,8,8/14/2008,HW,0,0,2006,2008,2008
ABRP,40,8,8/14/2008,PP,1,0.3,2006,2008,2008
ABRP,40,8,8/14/2008,PE,0,0,2006,2008,2008
ABRP,40,7,8/14/2008,QL,1,1.1,2006,2008,2008
ABRP,40,7,8/14/2008,QE,0,0,2006,2008,2008
ABRP,40,7,8/14/2008,HW,0,0,2006,2008,2008
ABRP,40,7,8/14/2008,PP,2,2.7,2006,2008,2008
ABRP,40,7,8/14/2008,PE,0,0,2006,2008,2008
ABRP,40,1,7/29/2008,QL,0,0,2006,2008,2008
ABRP,40,1,7/29/2008,QE,0,0,2006,2008,2008
ABRP,40,1,7/29/2008,HW,0,0,2006,2008,2008
ABRP,40,1,7/29/2008,PP,0,0,2006,2008,2008
ABRP,40,1,7/29/2008,PE,0,0,2006,2008,2008
ABRP,1,1,8/3/2009,HW,0,0,6/5/2008,2009,2009
ABRP,1,1,8/3/2009,PE,0,0,6/5/2008,2009,2009
ABRP,1,1,8/3/2009,PP,0,0,6/5/2008,2009,2009
ABRP,1,1,8/3/2009,QL,3,12.5,6/5/2008,2009,2009
ABRP,1,1,8/3/2009,QUEV,1,1.7,6/5/2008,2009,2009
ABRP,1,1,8/3/2009,QUO,0,0,6/5/2008,2009,2009
ABRP,1,2,8/3/2009,HW,4,8.9,6/5/2008,2009,2009
ABRP,1,2,8/3/2009,PE,0,0,6/5/2008,2009,2009
ABRP,1,2,8/3/2009,PP,0,0,6/5/2008,2009,2009
ABRP,1,2,8/3/2009,QL,0,0,6/5/2008,2009,2009
ABRP,1,2,8/3/2009,QUEV,4,6.2,6/5/2008,2009,2009
ABRP,1,2,8/3/2009,QUO,0,0,6/5/2008,2009,2009
ABRP,1,3,8/3/2009,HW,0,0,6/5/2008,2009,2009
ABRP,1,3,8/3/2009,PE,0,0,6/5/2008,2009,2009
ABRP,1,3,8/3/2009,PP,0,0,6/5/2008,2009,2009
ABRP,1,3,8/3/2009,QL,6,19.5,6/5/2008,2009,2009
ABRP,1,3,8/3/2009,QUEV,1,3.1,6/5/2008,2009,2009
ABRP,1,3,8/3/2009,QUO,1,2.1,6/5/2008,2009,2009
ABRP,1,4,8/3/2009,HW,0,0,6/5/2008,2009,2009
ABRP,1,4,8/3/2009,PE,0,0,6/5/2008,2009,2009
ABRP,1,4,8/3/2009,PP,2,2.7,6/5/2008,2009,2009
ABRP,1,4,8/3/2009,QL,3,4.3,6/5/2008,2009,2009
ABRP,1,4,8/3/2009,QUEV,0,0,6/5/2008,2009,2009
ABRP,1,4,8/3/2009,QUO,0,0,6/5/2008,2009,2009
ABRP,1,5,8/4/2009,HW,0,0,6/5/2008,2009,2009
ABRP,1,5,8/4/2009,PE,0,0,6/5/2008,2009,2009
ABRP,1,5,8/4/2009,PP,1,0.8,6/5/2008,2009,2009
ABRP,1,5,8/4/2009,QL,6,17.8,6/5/2008,2009,2009
ABRP,1,5,8/4/2009,QUEV,3,2.7,6/5/2008,2009,2009
ABRP,1,5,8/4/2009,QUO,0,0,6/5/2008,2009,2009
ABRP,1,6,8/4/2009,HW,2,5.3,6/5/2008,2009,2009
ABRP,1,6,8/4/2009,PE,0,0,6/5/2008,2009,2009
ABRP,1,6,8/4/2009,PP,1,1.6,6/5/2008,2009,2009
ABRP,1,6,8/4/2009,QL,1,1.6,6/5/2008,2009,2009
ABRP,1,6,8/4/2009,QUEV,5,11.5,6/5/2008,2009,2009
ABRP,1,6,8/4/2009,QUO,7,12.6,6/5/2008,2009,2009
ABRP,1,7,8/4/2009,HW,0,0,6/5/2008,2009,2009
ABRP,1,7,8/4/2009,PE,0,0,6/5/2008,2009,2009
ABRP,1,7,8/4/2009,PP,3,3.1,6/5/2008,2009,2009
ABRP,1,7,8/4/2009,QL,1,9,6/5/2008,2009,2009
ABRP,1,7,8/4/2009,QUEV,0,0,6/5/2008,2009,2009
ABRP,1,7,8/4/2009,QUO,1,1,6/5/2008,2009,2009
ABRP,1,8,8/4/2009,HW,0,0,6/5/2008,2009,2009
ABRP,1,8,8/4/2009,PE,0,0,6/5/2008,2009,2009
ABRP,1,8,8/4/2009,PP,1,0.5,6/5/2008,2009,2009
ABRP,1,8,8/4/2009,QL,4,23.1,6/5/2008,2009,2009
ABRP,1,8,8/4/2009,QUEV,0,0,6/5/2008,2009,2009
ABRP,1,8,8/4/2009,QUO,0,0,6/5/2008,2009,2009
ABRP,1,9,7/30/2009,HW,1,1.1,6/5/2008,2009,2009
ABRP,1,9,7/30/2009,PE,0,0,6/5/2008,2009,2009
ABRP,1,9,7/30/2009,PP,3,1.8,6/5/2008,2009,2009
ABRP,1,9,7/30/2009,QL,13,27.1,6/5/2008,2009,2009
ABRP,1,9,7/30/2009,QUEV,3,6.3,6/5/2008,2009,2009
ABRP,1,9,7/30/2009,QUO,1,3.4,6/5/2008,2009,2009
ABRP,5,1,7/23/2009,HW,0,0,7/22/2008,2009,2009
ABRP,5,1,7/23/2009,PE,0,0,7/22/2008,2009,2009
ABRP,5,1,7/23/2009,PP,4,7.4,7/22/2008,2009,2009
ABRP,5,1,7/23/2009,QL,1,4.3,7/22/2008,2009,2009
ABRP,5,1,7/23/2009,QUEV,0,0,7/22/2008,2009,2009
ABRP,5,1,7/23/2009,QUO,0,0,7/22/2008,2009,2009
ABRP,5,2,7/23/2009,HW,0,0,7/22/2008,2009,2009
ABRP,5,2,7/23/2009,PE,0,0,7/22/2008,2009,2009
ABRP,5,2,7/23/2009,PP,4,3.6,7/22/2008,2009,2009
ABRP,5,2,7/23/2009,QL,7,13.1,7/22/2008,2009,2009
ABRP,5,2,7/23/2009,QUEV,0,0,7/22/2008,2009,2009
ABRP,5,2,7/23/2009,QUO,8,14.3,7/22/2008,2009,2009
ABRP,5,3,7/23/2009,HW,0,0,7/22/2008,2009,2009
ABRP,5,3,7/23/2009,PE,0,0,7/22/2008,2009,2009
ABRP,5,3,7/23/2009,PP,1,3.1,7/22/2008,2009,2009
ABRP,5,3,7/23/2009,QL,3,1.2,7/22/2008,2009,2009
ABRP,5,3,7/23/2009,QUEV,4,11.9,7/22/2008,2009,2009
ABRP,5,3,7/23/2009,QUO,2,10.7,7/22/2008,2009,2009
ABRP,5,4,7/27/2009,HW,1,0.1,7/22/2008,2009,2009
ABRP,5,4,7/27/2009,PE,0,0,7/22/2008,2009,2009
ABRP,5,4,7/27/2009,PP,2,4.2,7/22/2008,2009,2009
ABRP,5,4,7/27/2009,QL,0,0,7/22/2008,2009,2009
ABRP,5,4,7/27/2009,QUEV,0,0,7/22/2008,2009,2009
ABRP,5,4,7/27/2009,QUO,2,22,7/22/2008,2009,2009
ABRP,5,5,7/24/2009,HW,0,0,7/22/2008,2009,2009
ABRP,5,5,7/24/2009,PE,2,11.5,7/22/2008,2009,2009
ABRP,5,5,7/24/2009,PP,0,0,7/22/2008,2009,2009
ABRP,5,5,7/24/2009,QL,5,11.7,7/22/2008,2009,2009
ABRP,5,5,7/24/2009,QUEV,1,3.3,7/22/2008,2009,2009
ABRP,5,5,7/24/2009,QUO,3,5.9,7/22/2008,2009,2009
ABRP,5,6,7/23/2009,HW,0,0,7/22/2008,2009,2009
ABRP,5,6,7/23/2009,PE,0,0,7/22/2008,2009,2009
ABRP,5,6,7/23/2009,PP,0,0,7/22/2008,2009,2009
ABRP,5,6,7/23/2009,QL,6,16.8,7/22/2008,2009,2009
ABRP,5,6,7/23/2009,QUEV,0,0,7/22/2008,2009,2009
ABRP,5,6,7/23/2009,QUO,6,13.6,7/22/2008,2009,2009
ABRP,7,4,8/5/2009,HW,1,0.7,Bull-Dozed 2007,2009,2009
ABRP,7,4,8/5/2009,PE,0,0,Bull-Dozed 2007,2009,2009
ABRP,7,4,8/5/2009,PP,1,1.3,Bull-Dozed 2007,2009,2009
ABRP,7,4,8/5/2009,QL,0,0,Bull-Dozed 2007,2009,2009
ABRP,7,4,8/5/2009,QUEV,0,0,Bull-Dozed 2007,2009,2009
ABRP,7,4,8/5/2009,QUO,0,0,Bull-Dozed 2007,2009,2009
ABRP,7,6,8/5/2009,HW,0,0,Bull-Dozed 2007,2009,2009
ABRP,7,6,8/5/2009,PE,0,0,Bull-Dozed 2007,2009,2009
ABRP,7,6,8/5/2009,PP,3,7.4,Bull-Dozed 2007,2009,2009
ABRP,7,6,8/5/2009,QL,0,0,Bull-Dozed 2007,2009,2009
ABRP,7,6,8/5/2009,QUEV,0,0,Bull-Dozed 2007,2009,2009
ABRP,7,6,8/5/2009,QUO,1,2.5,Bull-Dozed 2007,2009,2009
ABRP,7,7,8/5/2009,HW,0,0,Bull-Dozed 2007,2009,2009
ABRP,7,7,8/5/2009,PE,0,0,Bull-Dozed 2007,2009,2009
ABRP,7,7,8/5/2009,PP,1,2.3,Bull-Dozed 2007,2009,2009
ABRP,7,7,8/5/2009,QL,0,0,Bull-Dozed 2007,2009,2009
ABRP,7,7,8/5/2009,QUEV,0,0,Bull-Dozed 2007,2009,2009
ABRP,7,7,8/5/2009,QUO,0,0,Bull-Dozed 2007,2009,2009
ABRP,7,8,8/5/2009,HW,0,0,Bull-Dozed 2007,2009,2009
ABRP,7,8,8/5/2009,PE,0,0,Bull-Dozed 2007,2009,2009
ABRP,7,8,8/5/2009,PP,2,3.7,Bull-Dozed 2007,2009,2009
ABRP,7,8,8/5/2009,QL,1,0.4,Bull-Dozed 2007,2009,2009
ABRP,7,8,8/5/2009,QUEV,0,0,Bull-Dozed 2007,2009,2009
ABRP,7,8,8/5/2009,QUO,0,0,Bull-Dozed 2007,2009,2009
ABRP,12,1,7/27/2009,HW,1,2.8,5/5/2008,2009,2009
ABRP,12,1,7/27/2009,PE,0,0,5/5/2008,2009,2009
ABRP,12,1,7/27/2009,PP,1,10,5/5/2008,2009,2009
ABRP,12,1,7/27/2009,QL,0,0,5/5/2008,2009,2009
ABRP,12,1,7/27/2009,QUEV,3,27.8,5/5/2008,2009,2009
ABRP,12,1,7/27/2009,QUO,0,0,5/5/2008,2009,2009
ABRP,12,2,7/27/2009,HW,0,0,5/5/2008,2009,2009
ABRP,12,2,7/27/2009,PE,0,0,5/5/2008,2009,2009
ABRP,12,2,7/27/2009,PP,2,5.9,5/5/2008,2009,2009
ABRP,12,2,7/27/2009,QL,4,12.5,5/5/2008,2009,2009
ABRP,12,2,7/27/2009,QUEV,2,5.4,5/5/2008,2009,2009
ABRP,12,2,7/27/2009,QUO,1,8.4,5/5/2008,2009,2009
ABRP,21,1,7/20/2009,HW,0,0,6/20/2008,2009,2009
ABRP,21,1,7/20/2009,PE,0,0,6/20/2008,2009,2009
ABRP,21,1,7/20/2009,PP,0,0,6/20/2008,2009,2009
ABRP,21,1,7/20/2009,QL,1,0.3,6/20/2008,2009,2009
ABRP,21,1,7/20/2009,QUEV,0,0,6/20/2008,2009,2009
ABRP,21,1,7/20/2009,QUO,2,2.5,6/20/2008,2009,2009
ABRP,21,2,7/20/2009,HW,0,0,6/20/2008,2009,2009
ABRP,21,2,7/20/2009,PE,3,12.7,6/20/2008,2009,2009
ABRP,21,2,7/20/2009,PP,0,0,6/20/2008,2009,2009
ABRP,21,2,7/20/2009,QL,0,0,6/20/2008,2009,2009
ABRP,21,2,7/20/2009,QUEV,0,0,6/20/2008,2009,2009
ABRP,21,2,7/20/2009,QUO,0,0,6/20/2008,2009,2009
ABRP,21,3,7/20/2009,HW,2,8.2,6/20/2008,2009,2009
ABRP,21,3,7/20/2009,PE,0,0,6/20/2008,2009,2009
ABRP,21,3,7/20/2009,PP,0,0,6/20/2008,2009,2009
ABRP,21,3,7/20/2009,QL,2,3.5,6/20/2008,2009,2009
ABRP,21,3,7/20/2009,QUEV,3,7.6,6/20/2008,2009,2009
ABRP,21,3,7/20/2009,QUO,2,5,6/20/2008,2009,2009
ABRP,32,1,7/28/2009,HW,0,0,6/7/2008,2009,2009
ABRP,32,1,7/28/2009,PE,0,0,6/7/2008,2009,2009
ABRP,32,1,7/28/2009,PP,7,9.9,6/7/2008,2009,2009
ABRP,32,1,7/28/2009,QL,0,0,6/7/2008,2009,2009
ABRP,32,1,7/28/2009,QUEV,0,0,6/7/2008,2009,2009
ABRP,32,1,7/28/2009,QUO,0,0,6/7/2008,2009,2009
ABRP,32,2,7/29/2009,HW,0,0,6/7/2008,2009,2009
ABRP,32,2,7/29/2009,PE,2,8.1,6/7/2008,2009,2009
ABRP,32,2,7/29/2009,PP,0,0,6/7/2008,2009,2009
ABRP,32,2,7/29/2009,QL,3,5.6,6/7/2008,2009,2009
ABRP,32,2,7/29/2009,QUEV,0,0,6/7/2008,2009,2009
ABRP,32,2,7/29/2009,QUO,1,0.7,6/7/2008,2009,2009
ABRP,32,3,7/29/2009,HW,0,0,6/7/2008,2009,2009
ABRP,32,3,7/29/2009,PE,2,3.1,6/7/2008,2009,2009
ABRP,32,3,7/29/2009,PP,0,0,6/7/2008,2009,2009
ABRP,32,3,7/29/2009,QL,0,0,6/7/2008,2009,2009
ABRP,32,3,7/29/2009,QUEV,0,0,6/7/2008,2009,2009
ABRP,32,3,7/29/2009,QUO,0,0,6/7/2008,2009,2009
ABRP,32,4,7/28/2009,HW,0,0,6/7/2008,2009,2009
ABRP,32,4,7/28/2009,PE,0,0,6/7/2008,2009,2009
ABRP,32,4,7/28/2009,PP,1,2.9,6/7/2008,2009,2009
ABRP,32,4,7/28/2009,QL,0,0,6/7/2008,2009,2009
ABRP,32,4,7/28/2009,QUEV,0,0,6/7/2008,2009,2009
ABRP,32,4,7/28/2009,QUO,0,0,6/7/2008,2009,2009
ABRP,32,5,7/28/2009,HW,0,0,6/7/2008,2009,2009
ABRP,32,5,7/28/2009,PE,0,0,6/7/2008,2009,2009
ABRP,32,5,7/28/2009,PP,3,3.5,6/7/2008,2009,2009
ABRP,32,5,7/28/2009,QL,2,3.1,6/7/2008,2009,2009
ABRP,32,5,7/28/2009,QUEV,1,0.4,6/7/2008,2009,2009
ABRP,32,5,7/28/2009,QUO,2,1.1,6/7/2008,2009,2009
ABRP,32,6,7/28/2009,HW,0,0,6/7/2008,2009,2009
ABRP,32,6,7/28/2009,PE,0,0,6/7/2008,2009,2009
ABRP,32,6,7/28/2009,PP,4,3.5,6/7/2008,2009,2009
ABRP,32,6,7/28/2009,QL,0,0,6/7/2008,2009,2009
ABRP,32,6,7/28/2009,QUEV,0,0,6/7/2008,2009,2009
ABRP,32,6,7/28/2009,QUO,0,0,6/7/2008,2009,2009
ABRP,32,7,7/29/2009,HW,0,0,6/7/2008,2009,2009
ABRP,32,7,7/29/2009,PE,0,0,6/7/2008,2009,2009
ABRP,32,7,7/29/2009,PP,0,0,6/7/2008,2009,2009
ABRP,32,7,7/29/2009,QL,1,0.9,6/7/2008,2009,2009
ABRP,32,7,7/29/2009,QUEV,0,0,6/7/2008,2009,2009
ABRP,32,7,7/29/2009,QUO,0,0,6/7/2008,2009,2009
ABRP,32,8,7/29/2009,HW,0,0,6/7/2008,2009,2009
ABRP,32,8,7/29/2009,PE,0,0,6/7/2008,2009,2009
ABRP,32,8,7/29/2009,PP,0,0,6/7/2008,2009,2009
ABRP,32,8,7/29/2009,QL,0,0,6/7/2008,2009,2009
ABRP,32,8,7/29/2009,QUEV,0,0,6/7/2008,2009,2009
ABRP,32,8,7/29/2009,QUO,0,0,6/7/2008,2009,2009
ABRP,32,9,7/30/2009,HW,0,0,6/7/2008,2009,2009
ABRP,32,9,7/30/2009,PE,0,0,6/7/2008,2009,2009
ABRP,32,9,7/30/2009,PP,5,4.6,6/7/2008,2009,2009
ABRP,32,9,7/30/2009,QL,3,3,6/7/2008,2009,2009
ABRP,32,9,7/30/2009,QUEV,1,0.1,6/7/2008,2009,2009
ABRP,32,9,7/30/2009,QUO,0,0,6/7/2008,2009,2009
ABRP,32,10,7/30/2009,HW,5,3.7,6/7/2008,2009,2009
ABRP,32,10,7/30/2009,PE,0,0,6/7/2008,2009,2009
ABRP,32,10,7/30/2009,PP,0,0,6/7/2008,2009,2009
ABRP,32,10,7/30/2009,QL,2,0.8,6/7/2008,2009,2009
ABRP,32,10,7/30/2009,QUEV,4,1.7,6/7/2008,2009,2009
ABRP,32,10,7/30/2009,QUO,0,0,6/7/2008,2009,2009
ABRP,32,11,7/29/2009,HW,0,0,6/7/2008,2009,2009
ABRP,32,11,7/29/2009,PE,0,0,6/7/2008,2009,2009
ABRP,32,11,7/29/2009,PP,0,0,6/7/2008,2009,2009
ABRP,32,11,7/29/2009,QL,4,9.4,6/7/2008,2009,2009
ABRP,32,11,7/29/2009,QUEV,3,1.5,6/7/2008,2009,2009
ABRP,32,11,7/29/2009,QUO,0,0,6/7/2008,2009,2009
ABRP,13,1,7/14/2010,QL,0,0,6/1/2009,2009,2009
ABRP,13,1,7/14/2010,QUEV,23,47.7,6/1/2009,2009,2009
ABRP,13,1,7/14/2010,QUO,0,0,6/1/2009,2009,2009
ABRP,13,1,7/14/2010,HW,12,9.8,6/1/2009,2009,2009
ABRP,13,1,7/14/2010,PP,0,0,6/1/2009,2009,2009
ABRP,13,1,7/14/2010,PE,0,0,6/1/2009,2009,2009
ABRP,15,1,7/13/2010,QL,0,0,6/1/2009,2009,2009
ABRP,15,1,7/13/2010,QUEV,5,20.4,6/1/2009,2009,2009
ABRP,15,1,7/13/2010,QUO,0,0,6/1/2009,2009,2009
ABRP,15,1,7/13/2010,HW,4,4.8,6/1/2009,2009,2009
ABRP,15,1,7/13/2010,PP,0,0,6/1/2009,2009,2009
ABRP,15,1,7/13/2010,PE,1,4.9,6/1/2009,2009,2009
ABRP,22,1,7/15/2010,QL,1,0.4,6/1/2009,2009,2009
ABRP,22,1,7/15/2010,QUEV,0,0,6/1/2009,2009,2009
ABRP,22,1,7/15/2010,QUO,0,0,6/1/2009,2009,2009
ABRP,22,1,7/15/2010,HW,0,0,6/1/2009,2009,2009
ABRP,22,1,7/15/2010,PP,0,0,6/1/2009,2009,2009
ABRP,22,1,7/15/2010,PE,0,0,6/1/2009,2009,2009
ABRP,22,2,7/16/2010,QL,1,0.4,6/1/2009,2009,2009
ABRP,22,2,7/16/2010,QUEV,0,0,6/1/2009,2009,2009
ABRP,22,2,7/16/2010,QUO,0,0,6/1/2009,2009,2009
ABRP,22,2,7/16/2010,HW,0,0,6/1/2009,2009,2009
ABRP,22,2,7/16/2010,PP,0,0,6/1/2009,2009,2009
ABRP,22,2,7/16/2010,PE,5,14.9,6/1/2009,2009,2009
ABRP,22,3,7/16/2010,QL,4,2.9,6/1/2009,2009,2009
ABRP,22,3,7/16/2010,QUEV,1,7.3,6/1/2009,2009,2009
ABRP,22,3,7/16/2010,QUO,1,1.5,6/1/2009,2009,2009
ABRP,22,3,7/16/2010,HW,0,0,6/1/2009,2009,2009
ABRP,22,3,7/16/2010,PP,0,0,6/1/2009,2009,2009
ABRP,22,3,7/16/2010,PE,5,7.4,6/1/2009,2009,2009
ABRP,22,4,7/15/2010,QL,0,0,6/1/2009,2009,2009
ABRP,22,4,7/15/2010,QUEV,0,0,6/1/2009,2009,2009
ABRP,22,4,7/15/2010,QUO,0,0,6/1/2009,2009,2009
ABRP,22,4,7/15/2010,HW,0,0,6/1/2009,2009,2009
ABRP,22,4,7/15/2010,PP,0,0,6/1/2009,2009,2009
ABRP,22,4,7/15/2010,PE,1,3.8,6/1/2009,2009,2009
ABRP,22,5,7/14/2010,QL,1,0.1,6/1/2009,2009,2009
ABRP,22,5,7/14/2010,QUEV,0,0,6/1/2009,2009,2009
ABRP,22,5,7/14/2010,QUO,0,0,6/1/2009,2009,2009
ABRP,22,5,7/14/2010,HW,0,0,6/1/2009,2009,2009
ABRP,22,5,7/14/2010,PP,0,0,6/1/2009,2009,2009
ABRP,22,5,7/14/2010,PE,3,8.4,6/1/2009,2009,2009
ABRP,7,1,7/20/2010,QL,0,0,6/1/2009,2009,2009
ABRP,7,1,7/21/2010,QUEV,5,9.7,6/1/2009,2009,2009
ABRP,7,1,7/22/2010,QUO,0,0,6/1/2009,2009,2009
ABRP,7,1,7/23/2010,HW,9,5.6,6/1/2009,2009,2009
ABRP,7,1,7/24/2010,PP,0,0,6/1/2009,2009,2009
ABRP,7,1,7/25/2010,PE,0,0,6/1/2009,2009,2009
ABRP,7,2,7/19/2010,QL,2,3.3,6/1/2009,2009,2009
ABRP,7,2,7/19/2010,QUEV,10,10.4,6/1/2009,2009,2009
ABRP,7,2,7/19/2010,QUO,6,6.7,6/1/2009,2009,2009
ABRP,7,2,7/19/2010,HW,4,1.4,6/1/2009,2009,2009
ABRP,7,2,7/19/2010,PP,0,0,6/1/2009,2009,2009
ABRP,7,2,7/19/2010,PE,1,0.4,6/1/2009,2009,2009
ABRP,7,3,7/19/2010,QL,3,9.5,6/1/2009,2009,2009
ABRP,7,3,7/19/2010,QUEV,2,1.8,6/1/2009,2009,2009
ABRP,7,3,7/19/2010,QUO,0,0,6/1/2009,2009,2009
ABRP,7,3,7/19/2010,HW,0,0,6/1/2009,2009,2009
ABRP,7,3,7/19/2010,PP,6,7.8,6/1/2009,2009,2009
ABRP,7,3,7/19/2010,PE,0,0,6/1/2009,2009,2009
ABRP,7,5,7/20/2010,QL,3,5.3,6/1/2009,2009,2009
ABRP,7,5,7/20/2010,QUEV,3,7.9,6/1/2009,2009,2009
ABRP,7,5,7/20/2010,QUO,0,0,6/1/2009,2009,2009
ABRP,7,5,7/20/2010,HW,0,0,6/1/2009,2009,2009
ABRP,7,5,7/20/2010,PP,2,4.3,6/1/2009,2009,2009
ABRP,7,5,7/20/2010,PE,0,0,6/1/2009,2009,2009
ABRP,40,1,7/22/2010,QL,0,0,6/1/2009,2009,2009
ABRP,40,1,7/22/2010,QUEV,13,6.8,6/1/2009,2009,2009
ABRP,40,1,7/22/2010,QUO,0,0,6/1/2009,2009,2009
ABRP,40,1,7/22/2010,HW,6,2.9,6/1/2009,2009,2009
ABRP,40,1,7/22/2010,PP,0,0,6/1/2009,2009,2009
ABRP,40,1,7/22/2010,PE,0,0,6/1/2009,2009,2009
ABRP,40,2,7/27/2010,QL,0,0,6/1/2009,2009,2009
ABRP,40,2,7/27/2010,QUEV,0,0,6/1/2009,2009,2009
ABRP,40,2,7/27/2010,QUO,0,0,6/1/2009,2009,2009
ABRP,40,2,7/27/2010,HW,11,4.3,6/1/2009,2009,2009
ABRP,40,2,7/27/2010,PP,3,5,6/1/2009,2009,2009
ABRP,40,2,7/27/2010,PE,0,0,6/1/2009,2009,2009
ABRP,40,3,7/26/2010,QL,0,0,6/1/2009,2009,2009
ABRP,40,3,7/26/2010,QUEV,0,0,6/1/2009,2009,2009
ABRP,40,3,7/26/2010,QUO,0,0,6/1/2009,2009,2009
ABRP,40,3,7/26/2010,HW,12,4.5,6/1/2009,2009,2009
ABRP,40,3,7/26/2010,PP,0,0,6/1/2009,2009,2009
ABRP,40,3,7/26/2010,PE,0,0,6/1/2009,2009,2009
ABRP,40,4,7/26/2010,QL,0,0,6/1/2009,2009,2009
ABRP,40,4,7/26/2010,QUEV,0,0,6/1/2009,2009,2009
ABRP,40,4,7/26/2010,QUO,0,0,6/1/2009,2009,2009
ABRP,40,4,7/26/2010,HW,0,0,6/1/2009,2009,2009
ABRP,40,4,7/26/2010,PP,1,1.1,6/1/2009,2009,2009
ABRP,40,4,7/26/2010,PE,0,0,6/1/2009,2009,2009
ABRP,40,5,7/26/2010,QL,0,0,6/1/2009,2009,2009
ABRP,40,5,7/26/2010,QUEV,0,0,6/1/2009,2009,2009
ABRP,40,5,7/26/2010,QUO,0,0,6/1/2009,2009,2009
ABRP,40,5,7/26/2010,HW,1,0.1,6/1/2009,2009,2009
ABRP,40,5,7/26/2010,PP,3,2.8,6/1/2009,2009,2009
ABRP,40,5,7/26/2010,PE,2,5.7,6/1/2009,2009,2009
ABRP,40,6,7/27/2010,QL,1,0.3,6/1/2009,2009,2009
ABRP,40,6,7/27/2010,QUEV,15,8.1,6/1/2009,2009,2009
ABRP,40,6,7/27/2010,QUO,0,0,6/1/2009,2009,2009
ABRP,40,6,7/27/2010,HW,4,1.8,6/1/2009,2009,2009
ABRP,40,6,7/27/2010,PP,3,3.2,6/1/2009,2009,2009
ABRP,40,6,7/27/2010,PE,0,0,6/1/2009,2009,2009
ABRP,40,7,7/27/2010,QL,0,0,6/1/2009,2009,2009
ABRP,40,7,7/27/2010,QUEV,0,0,6/1/2009,2009,2009
ABRP,40,7,7/27/2010,QUO,2,1,6/1/2009,2009,2009
ABRP,40,7,7/27/2010,HW,0,0,6/1/2009,2009,2009
ABRP,40,7,7/27/2010,PP,3,4.7,6/1/2009,2009,2009
ABRP,40,7,7/27/2010,PE,0,0,6/1/2009,2009,2009
ABRP,40,8,7/23/2010,QL,0,0,6/1/2009,2009,2009
ABRP,40,8,7/23/2010,QUEV,4,1.3,6/1/2009,2009,2009
ABRP,40,8,7/23/2010,QUO,1,0.6,6/1/2009,2009,2009
ABRP,40,8,7/23/2010,HW,0,0,6/1/2009,2009,2009
ABRP,40,8,7/23/2010,PP,1,0.9,6/1/2009,2009,2009
ABRP,40,8,7/23/2010,PE,0,0,6/1/2009,2009,2009
ABRP,40,9,7/22/2010,QL,0,0,6/1/2009,2009,2009
ABRP,40,9,7/22/2010,QUEV,0,0,6/1/2009,2009,2009
ABRP,40,9,7/22/2010,QUO,0,0,6/1/2009,2009,2009
ABRP,40,9,7/22/2010,HW,4,1.9,6/1/2009,2009,2009
ABRP,40,9,7/22/2010,PP,2,1.7,6/1/2009,2009,2009
ABRP,40,9,7/22/2010,PE,0,0,6/1/2009,2009,2009
ABRP,5,1,9/26/2011,QL,0,0,2010,2009,2009
ABRP,5,1,9/26/2011,QUEV,0,0,2010,2009,2009
ABRP,5,1,9/26/2011,QUO,2,7.9,2010,2009,2009
ABRP,5,1,9/26/2011,HW,0,0,2010,2009,2009
ABRP,5,1,9/26/2011,PP,2,4.3,2010,2009,2009
ABRP,5,1,9/26/2011,PE,0,0,2010,2009,2009
ABRP,5,2,9/27/2011,QL,1,1.5,2010,2009,2009
ABRP,5,2,9/27/2011,QUEV,0,0,2010,2009,2009
ABRP,5,2,9/27/2011,QUO,0,0,2010,2009,2009
ABRP,5,2,9/27/2011,HW,0,0,2010,2009,2009
ABRP,5,2,9/27/2011,PP,1,0.5,2010,2009,2009
ABRP,5,2,9/27/2011,PE,0,0,2010,2009,2009
ABRP,5,3,9/27/2011,QL,2,0.4,2010,2009,2009
ABRP,5,3,9/27/2011,QUEV,0,0,2010,2009,2009
ABRP,5,3,9/27/2011,QUO,5,3.6,2010,2009,2009
ABRP,5,3,9/27/2011,HW,1,0.1,2010,2009,2009
ABRP,5,3,9/27/2011,PP,11.8,5,2010,2009,2009
ABRP,5,3,9/27/2011,PE,0,0,2010,2009,2009
ABRP,5,4,9/27/2011,QL,2,3.7,2010,2009,2009
ABRP,5,4,9/27/2011,QUEV,1,16.9,2010,2009,2009
ABRP,5,4,9/27/2011,QUO,2,4.1,2010,2009,2009
ABRP,5,4,9/27/2011,HW,0,0,2010,2009,2009
ABRP,5,4,9/27/2011,PP,0,0,2010,2009,2009
ABRP,5,4,9/27/2011,PE,2,2.3,2010,2009,2009
ABRP,5,5,9/28/2011,QL,5,3.2,2010,2009,2009
ABRP,5,5,9/28/2011,QUEV,1,5.5,2010,2009,2009
ABRP,5,5,9/28/2011,QUO,2,1.6,2010,2009,2009
ABRP,5,5,9/28/2011,HW,0,0,2010,2009,2009
ABRP,5,5,9/28/2011,PP,2,1.2,2010,2009,2009
ABRP,5,5,9/28/2011,PE,0,0,2010,2009,2009
ABRP,5,6,9/28/2011,QL,8,16,2010,2009,2009
ABRP,5,6,9/28/2011,QUEV,0,0,2010,2009,2009
ABRP,5,6,9/28/2011,QUO,4,10.8,2010,2009,2009
ABRP,5,6,9/28/2011,HW,0,0,2010,2009,2009
ABRP,5,6,9/28/2011,PP,1,0.4,2010,2009,2009
ABRP,5,6,9/28/2011,PE,0,0,2010,2009,2009
ABRP,12,1,9/30/2011,QL,0,0,2010,2009,2009
ABRP,12,1,9/30/2011,QUEV,2,29,2010,2009,2009
ABRP,12,1,9/30/2011,QUO,0,0,2010,2009,2009
ABRP,12,1,9/30/2011,HW,4,1.8,2010,2009,2009
ABRP,12,1,9/30/2011,PP,1,7.4,2010,2009,2009
ABRP,12,1,9/30/2011,PE,0,0,2010,2009,2009
ABRP,12,2,9/29/2011,QL,5,8.5,2010,2009,2009
ABRP,12,2,9/29/2011,QUEV,2,8.8,2010,2009,2009
ABRP,12,2,9/29/2011,QUO,1,1.3,2010,2009,2009
ABRP,12,2,9/29/2011,HW,4,5,2010,2009,2009
ABRP,12,2,9/29/2011,PP,1,5.6,2010,2009,2009
ABRP,12,2,9/29/2011,PE,0,0,2010,2009,2009
ABRP,21,1,9/29/2011,QL,0,0,2010,2009,2009
ABRP,21,1,9/29/2011,QUEV,0,0,2010,2009,2009
ABRP,21,1,9/29/2011,QUO,2,2,2010,2009,2009
ABRP,21,1,9/29/2011,HW,0,0,2010,2009,2009
ABRP,21,1,9/29/2011,PP,0,0,2010,2009,2009
ABRP,21,1,9/29/2011,PE,0,0,2010,2009,2009
ABRP,21,2,9/29/2011,QL,2,0.5,2010,2009,2009
ABRP,21,2,9/29/2011,QUEV,0,0,2010,2009,2009
ABRP,21,2,9/29/2011,QUO,0,0,2010,2009,2009
ABRP,21,2,9/29/2011,HW,0,0,2010,2009,2009
ABRP,21,2,9/29/2011,PP,3,10.9,2010,2009,2009
ABRP,21,2,9/29/2011,PE,0,0,2010,2009,2009
ABRP,21,3,9/29/2011,QL,3,6.3,2010,2009,2009
ABRP,21,3,9/29/2011,QUEV,2,6.3,2010,2009,2009
ABRP,21,3,9/29/2011,QUO,1,2.4,2010,2009,2009
ABRP,21,3,9/29/2011,HW,3,2.7,2010,2009,2009
ABRP,21,3,9/29/2011,PP,0,0,2010,2009,2009
ABRP,21,3,9/29/2011,PE,0,0,2010,2009,2009
ABRP,1,1,8/23/2012,QL,0,0,2011,2009,2009
ABRP,1,1,8/23/2012,QUEV,0,0,2011,2009,2009
ABRP,1,1,8/23/2012,QUO,0,0,2011,2009,2009
ABRP,1,1,8/23/2012,HW,0,0,2011,2009,2009
ABRP,1,1,8/23/2012,PP,0,0,2011,2009,2009
ABRP,1,1,8/23/2012,PE,0,0,2011,2009,2009
ABRP,1,2,8/22/2012,QL,0,0,2011,2009,2009
ABRP,1,2,8/22/2012,QUEV,0,0,2011,2009,2009
ABRP,1,2,8/22/2012,QUO,1,0.15,2011,2009,2009
ABRP,1,2,8/22/2012,HW,0,0,2011,2009,2009
ABRP,1,2,8/22/2012,PP,0,0,2011,2009,2009
ABRP,1,2,8/22/2012,PE,0,0,2011,2009,2009
ABRP,1,3,8/22/2012,QL,0,0,2011,2009,2009
ABRP,1,3,8/22/2012,QUEV,2,3.4,2011,2009,2009
ABRP,1,3,8/22/2012,QUO,0,0,2011,2009,2009
ABRP,1,3,8/22/2012,HW,5,2.55,2011,2009,2009
ABRP,1,3,8/22/2012,PP,0,0,2011,2009,2009
ABRP,1,3,8/22/2012,PE,0,0,2011,2009,2009
ABRP,1,4,8/22/2012,QL,0,0,2011,2009,2009
ABRP,1,4,8/22/2012,QUEV,3,1.2,2011,2009,2009
ABRP,1,4,8/22/2012,QUO,0,0,2011,2009,2009
ABRP,1,4,8/22/2012,HW,0,0,2011,2009,2009
ABRP,1,4,8/22/2012,PP,4,4.8,2011,2009,2009
ABRP,1,4,8/22/2012,PE,0,0,2011,2009,2009
ABRP,1,5,8/22/2012,QL,2,4.7,2011,2009,2009
ABRP,1,5,8/22/2012,QUEV,4,10.7,2011,2009,2009
ABRP,1,5,8/22/2012,QUO,1,2.55,2011,2009,2009
ABRP,1,5,8/22/2012,HW,2,1.6,2011,2009,2009
ABRP,1,5,8/22/2012,PP,0,0,2011,2009,2009
ABRP,1,5,8/22/2012,PE,0,0,2011,2009,2009
ABRP,1,6,8/21/2012,QL,0,0,2011,2009,2009
ABRP,1,6,8/21/2012,QUEV,0,0,2011,2009,2009
ABRP,1,6,8/21/2012,QUO,1,1.15,2011,2009,2009
ABRP,1,6,8/21/2012,HW,1,0.15,2011,2009,2009
ABRP,1,6,8/21/2012,PP,2,2.9,2011,2009,2009
ABRP,1,6,8/21/2012,PE,0,0,2011,2009,2009
ABRP,1,7,8/21/2012,QL,0,0,2011,2009,2009
ABRP,1,7,8/21/2012,QUEV,1,3.2,2011,2009,2009
ABRP,1,7,8/21/2012,QUO,0,0,2011,2009,2009
ABRP,1,7,8/21/2012,HW,3,1.15,2011,2009,2009
ABRP,1,7,8/21/2012,PP,1,0.3,2011,2009,2009
ABRP,1,7,8/21/2012,PE,0,0,2011,2009,2009
ABRP,1,8,8/23/2012,QL,0,0,2011,2009,2009
ABRP,1,8,8/23/2012,QUEV,1,0.2,2011,2009,2009
ABRP,1,8,8/23/2012,QUO,0,0,2011,2009,2009
ABRP,1,8,8/23/2012,HW,2,0.95,2011,2009,2009
ABRP,1,8,8/23/2012,PP,1,1.55,2011,2009,2009
ABRP,1,8,8/23/2012,PE,0,0,2011,2009,2009
ABRP,1,9,8/21/2012,QL,0,0,2011,2009,2009
ABRP,1,9,8/21/2012,QUEV,0,0,2011,2009,2009
ABRP,1,9,8/21/2012,QUO,0,0,2011,2009,2009
ABRP,1,9,8/21/2012,HW,0,0,2011,2009,2009
ABRP,1,9,8/21/2012,PP,5,5.9,2011,2009,2009
ABRP,1,9,8/21/2012,PE,0,0,2011,2009,2009
ABRP,7,1,8/16/2012,QL,1,1.05,2011,2009,2009
ABRP,7,1,8/16/2012,QUEV,0,0,2011,2009,2009
ABRP,7,1,8/16/2012,QUO,1,0.3,2011,2009,2009
ABRP,7,1,8/16/2012,HW,0,0,2011,2009,2009
ABRP,7,1,8/16/2012,PP,3,5.45,2011,2009,2009
ABRP,7,1,8/16/2012,PE,0,0,2011,2009,2009
ABRP,7,2,8/16/2012,QL,3,2.4,2011,2009,2009
ABRP,7,2,8/16/2012,QUEV,4,5.4,2011,2009,2009
ABRP,7,2,8/16/2012,QUO,4,5.1,2011,2009,2009
ABRP,7,2,8/16/2012,HW,0,0,2011,2009,2009
ABRP,7,2,8/16/2012,PP,0,0,2011,2009,2009
ABRP,7,2,8/16/2012,PE,0,0,2011,2009,2009
ABRP,7,3,8/16/2012,QL,3,6.55,2011,2009,2009
ABRP,7,3,8/16/2012,QUEV,0,0,2011,2009,2009
ABRP,7,3,8/16/2012,QUO,0,0,2011,2009,2009
ABRP,7,3,8/16/2012,HW,0,0,2011,2009,2009
ABRP,7,3,8/16/2012,PP,2,0.8,2011,2009,2009
ABRP,7,3,8/16/2012,PE,0,0,2011,2009,2009
ABRP,7,4,,QL,0,0,2011,2009,2009
ABRP,7,4,,QUEV,0,0,2011,2009,2009
ABRP,7,4,,QUO,0,0,2011,2009,2009
ABRP,7,4,,HW,0,0,2011,2009,2009
ABRP,7,4,,PP,0,0,2011,2009,2009
ABRP,7,4,,PE,0,0,2011,2009,2009
ABRP,7,5,8/16/2012,QL,1,1,2011,2009,2009
ABRP,7,5,8/16/2012,QUEV,1,3.45,2011,2009,2009
ABRP,7,5,8/16/2012,QUO,0,0,2011,2009,2009
ABRP,7,5,8/16/2012,HW,0,0,2011,2009,2009
ABRP,7,5,8/16/2012,PP,1,3.9,2011,2009,2009
ABRP,7,5,8/16/2012,PE,0,0,2011,2009,2009
ABRP,7,7,8/21/2012,QL,0,0,2011,2009,2009
ABRP,7,7,8/21/2012,QUEV,0,0,2011,2009,2009
ABRP,7,7,8/21/2012,QUO,0,0,2011,2009,2009
ABRP,7,7,8/21/2012,HW,0,0,2011,2009,2009
ABRP,7,7,8/21/2012,PP,0,0,2011,2009,2009
ABRP,7,7,8/21/2012,PE,0,0,2011,2009,2009
ABRP,7,8,8/21/2012,QL,0,0,2011,2009,2009
ABRP,7,8,8/21/2012,QUEV,0,0,2011,2009,2009
ABRP,7,8,8/21/2012,QUO,0,0,2011,2009,2009
ABRP,7,8,8/21/2012,HW,1,0.3,2011,2009,2009
ABRP,7,8,8/21/2012,PP,0,0,2011,2009,2009
ABRP,7,8,8/21/2012,PE,1,2.5,2011,2009,2009
ABRP,22,1,8/9/2012,QL,3,2.25,2011,2012,2012
ABRP,22,1,8/9/2012,QUEV,0,0,2011,2012,2012
ABRP,22,1,8/9/2012,QUO,1,0.25,2011,2012,2012
ABRP,22,1,8/9/2012,HW,0,0,2011,2012,2012
ABRP,22,1,8/9/2012,PP,0,0,2011,2012,2012
ABRP,22,1,8/9/2012,PE,0,0,2011,2012,2012
ABRP,22,2,8/15/2012,QL,1,1.05,2011,2012,2012
ABRP,22,2,8/15/2012,QUEV,0,0,2011,2012,2012
ABRP,22,2,8/15/2012,QUO,0,0,2011,2012,2012
ABRP,22,2,8/15/2012,HW,0,0,2011,2012,2012
ABRP,22,2,8/15/2012,PP,0,0,2011,2012,2012
ABRP,22,2,8/15/2012,PE,1,0.8,2011,2012,2012
ABRP,22,3,8/15/2012,QL,0,0,2011,2012,2012
ABRP,22,3,8/15/2012,QUEV,4,18.25,2011,2012,2012
ABRP,22,3,8/15/2012,QUO,0,0,2011,2012,2012
ABRP,22,3,8/15/2012,HW,1,0.45,2011,2012,2012
ABRP,22,3,8/15/2012,PP,0,0,2011,2012,2012
ABRP,22,3,8/15/2012,PE,0,0,2011,2012,2012
ABRP,22,4,8/8/2012,QL,2,3.45,2011,2012,2012
ABRP,22,4,8/8/2012,QUEV,0,0,2011,2012,2012
ABRP,22,4,8/8/2012,QUO,0,0,2011,2012,2012
ABRP,22,4,8/8/2012,HW,0,0,2011,2012,2012
ABRP,22,4,8/8/2012,PP,1,1,2011,2012,2012
ABRP,22,4,8/8/2012,PE,1,1.5,2011,2012,2012
ABRP,22,5,8/8/2012,QL,0,0,2011,2012,2012
ABRP,22,5,8/8/2012,QUEV,0,0,2011,2012,2012
ABRP,22,5,8/8/2012,QUO,0,0,2011,2012,2012
ABRP,22,5,8/8/2012,HW,0,0,2011,2012,2012
ABRP,22,5,8/8/2012,PP,0,0,2011,2012,2012
ABRP,22,5,8/8/2012,PE,3,10.55,2011,2012,2012
ABRP,32,1,8/24/2012,QL,0,0,2011,2012,2012
ABRP,32,1,8/24/2012,QUEV,0,0,2011,2012,2012
ABRP,32,1,8/24/2012,QUO,0,0,2011,2012,2012
ABRP,32,1,8/24/2012,HW,0,0,2011,2012,2012
ABRP,32,1,8/24/2012,PP,3,4.75,2011,2012,2012
ABRP,32,1,8/24/2012,PE,0,0,2011,2012,2012
ABRP,32,2,8/24/2012,QL,2,8.4,2011,2012,2012
ABRP,32,2,8/24/2012,QUEV,0,0,2011,2012,2012
ABRP,32,2,8/24/2012,QUO,1,0.15,2011,2012,2012
ABRP,32,2,8/24/2012,HW,0,0,2011,2012,2012
ABRP,32,2,8/24/2012,PP,0,0,2011,2012,2012
ABRP,32,2,8/24/2012,PE,0,0,2011,2012,2012
ABRP,32,3,8/24/2012,QL,1,0.85,2011,2012,2012
ABRP,32,3,8/24/2012,QUEV,0,0,2011,2012,2012
ABRP,32,3,8/24/2012,QUO,0,0,2011,2012,2012
ABRP,32,3,8/24/2012,HW,0,0,2011,2012,2012
ABRP,32,3,8/24/2012,PP,0,0,2011,2012,2012
ABRP,32,3,8/24/2012,PE,2,3.25,2011,2012,2012
ABRP,32,4,9/3/2012,QL,1,0.11,2011,2012,2012
ABRP,32,4,9/3/2012,QUEV,0,0,2011,2012,2012
ABRP,32,4,9/3/2012,QUO,0,0,2011,2012,2012
ABRP,32,4,9/3/2012,HW,1,0.2,2011,2012,2012
ABRP,32,4,9/3/2012,PP,1,2.3,2011,2012,2012
ABRP,32,4,9/3/2012,PE,3,7.45,2011,2012,2012
ABRP,32,5,8/31/2012,QL,0,0,2011,2012,2012
ABRP,32,5,8/31/2012,QUEV,3,0.8,2011,2012,2012
ABRP,32,5,8/31/2012,QUO,2,3.2,2011,2012,2012
ABRP,32,5,8/31/2012,HW,2,1.1,2011,2012,2012
ABRP,32,5,8/31/2012,PP,9,16.7,2011,2012,2012
ABRP,32,5,8/31/2012,PE,0,0,2011,2012,2012
ABRP,32,6,9/3/2012,QL,0,0,2011,2012,2012
ABRP,32,6,9/3/2012,QUEV,0,0,2011,2012,2012
ABRP,32,6,9/3/2012,QUO,0,0,2011,2012,2012
ABRP,32,6,9/3/2012,HW,0,0,2011,2012,2012
ABRP,32,6,9/3/2012,PP,0,0,2011,2012,2012
ABRP,32,6,9/3/2012,PE,1,2.9,2011,2012,2012
ABRP,32,7,8/23/2012,QL,1,0.95,2011,2012,2012
ABRP,32,7,8/23/2012,QUEV,0,0,2011,2012,2012
ABRP,32,7,8/23/2012,QUO,0,0,2011,2012,2012
ABRP,32,7,8/23/2012,HW,1,0.1,2011,2012,2012
ABRP,32,7,8/23/2012,PP,0,0,2011,2012,2012
ABRP,32,7,8/23/2012,PE,0,0,2011,2012,2012
ABRP,32,8,8/24/2012,QL,2,2.7,2011,2012,2012
ABRP,32,8,8/24/2012,QUEV,1,0.7,2011,2012,2012
ABRP,32,8,8/24/2012,QUO,0,0,2011,2012,2012
ABRP,32,8,8/24/2012,HW,4,0.95,2011,2012,2012
ABRP,32,8,8/24/2012,PP,0,0,2011,2012,2012
ABRP,32,8,8/24/2012,PE,0,0,2011,2012,2012
ABRP,32,9,9/3/2012,QL,1,2.25,2011,2012,2012
ABRP,32,9,9/3/2012,QUEV,0,0,2011,2012,2012
ABRP,32,9,9/3/2012,QUO,0,0,2011,2012,2012
ABRP,32,9,9/3/2012,HW,1,1.7,2011,2012,2012
ABRP,32,9,9/3/2012,PP,4,9.5,2011,2012,2012
ABRP,32,9,9/3/2012,PE,0,0,2011,2012,2012
ABRP,32,10,9/3/2012,QL,4,3.4,2011,2012,2012
ABRP,32,10,9/3/2012,QUEV,8,3.5,2011,2012,2012
ABRP,32,10,9/3/2012,QUO,1,0.4,2011,2012,2012
ABRP,32,10,9/3/2012,HW,5,5.7,2011,2012,2012
ABRP,32,10,9/3/2012,PP,0,0,2011,2012,2012
ABRP,32,10,9/3/2012,PE,0,0,2011,2012,2012
ABRP,1,1.1,11/4/2014,QL,0,0,2013,2012,2012
ABRP,1,1.1,11/4/2014,QUEV,0,1.1,2013,2012,2012
ABRP,1,1.1,11/4/2014,QUO,0,0,2013,2012,2012
ABRP,1,1.1,11/4/2014,HW,0,0,2013,2012,2012
ABRP,1,1.1,11/4/2014,PP,0,0.4,2013,2012,2012
ABRP,1,1.1,11/4/2014,PE,0,0,2013,2012,2012
ABRP,1,1.2,11/6/2014,QL,0,0,2013,2012,2012
ABRP,1,1.2,11/6/2014,QUEV,1,1.34,2013,2012,2012
ABRP,1,1.2,11/6/2014,QUO,0,0,2013,2012,2012
ABRP,1,1.2,11/6/2014,HW,1,6.6,2013,2012,2012
ABRP,1,1.2,11/6/2014,PP,0,0,2013,2012,2012
ABRP,1,1.2,11/6/2014,PE,0,0,2013,2012,2012
ABRP,1,1.3,11/6/2014,QL,0,1.8,2013,2012,2012
ABRP,1,1.3,11/6/2014,QUEV,1,11.3,2013,2012,2012
ABRP,1,1.3,11/6/2014,QUO,0,0,2013,2012,2012
ABRP,1,1.3,11/6/2014,HW,0,0,2013,2012,2012
ABRP,1,1.3,11/6/2014,PP,0,0,2013,2012,2012
ABRP,1,1.3,11/6/2014,PE,1,1,2013,2012,2012
ABRP,1,1.4,11/5/2014,QL,0,0.4,2013,2012,2012
ABRP,1,1.4,11/5/2014,QUEV,0,0,2013,2012,2012
ABRP,1,1.4,11/5/2014,QUO,0,0,2013,2012,2012
ABRP,1,1.4,11/5/2014,HW,0,0,2013,2012,2012
ABRP,1,1.4,11/5/2014,PP,0,0,2013,2012,2012
ABRP,1,1.4,11/5/2014,PE,2,13.95,2013,2012,2012
ABRP,1,1.5,11/6/2014,QL,0,0,2013,2012,2012
ABRP,1,1.5,11/6/2014,QUEV,0,0,2013,2012,2012
ABRP,1,1.5,11/6/2014,QUO,0,0,2013,2012,2012
ABRP,1,1.5,11/6/2014,HW,0,0,2013,2012,2012
ABRP,1,1.5,11/6/2014,PP,2,4.2,2013,2012,2012
ABRP,1,1.5,11/6/2014,PE,0,0,2013,2012,2012
ABRP,1,1.6,11/4/2014,QL,0,0,2013,2012,2012
ABRP,1,1.6,11/4/2014,QUEV,0,0.95,2013,2012,2012
ABRP,1,1.6,11/4/2014,QUO,0,0.75,2013,2012,2012
ABRP,1,1.6,11/4/2014,HW,0,0,2013,2012,2012
ABRP,1,1.6,11/4/2014,PP,0,2.9,2013,2012,2012
ABRP,1,1.6,11/4/2014,PE,0,0,2013,2012,2012
ABRP,1,1.7,11/5/2014,QL,1,0.16,2013,2012,2012
ABRP,1,1.7,11/5/2014,QUEV,0,3.05,2013,2012,2012
ABRP,1,1.7,11/5/2014,QUO,0,0,2013,2012,2012
ABRP,1,1.7,11/5/2014,HW,1,0.5,2013,2012,2012
ABRP,1,1.7,11/5/2014,PP,3,6.3,2013,2012,2012
ABRP,1,1.7,11/5/2014,PE,0,0,2013,2012,2012
ABRP,1,1.8,11/4/2014,QL,0,0,2013,2012,2012
ABRP,1,1.8,11/4/2014,QUEV,0,0,2013,2012,2012
ABRP,1,1.8,11/4/2014,QUO,0,0,2013,2012,2012
ABRP,1,1.8,11/4/2014,HW,0,0,2013,2012,2012
ABRP,1,1.8,11/4/2014,PP,1,1.95,2013,2012,2012
ABRP,1,1.8,11/4/2014,PE,0,0,2013,2012,2012
ABRP,1,1.9,11/4/2014,QL,0,0,2013,2012,2012
ABRP,1,1.9,11/4/2014,QUEV,1,0.8,2013,2012,2012
ABRP,1,1.9,11/4/2014,QUO,0,0,2013,2012,2012
ABRP,1,1.9,11/4/2014,HW,1,0.01,2013,2012,2012
ABRP,1,1.9,11/4/2014,PP,0,0,2013,2012,2012
ABRP,1,1.9,11/4/2014,PE,3,5.5,2013,2012,2012
ABRP,22,22.1,10/31/2014,QL,2,0.65,2013,2012,2012
ABRP,22,22.1,10/31/2014,QUEV,0,0,2013,2012,2012
ABRP,22,22.1,10/31/2014,QUO,0,0,2013,2012,2012
ABRP,22,22.1,10/31/2014,HW,0,0,2013,2012,2012
ABRP,22,22.1,10/31/2014,PP,0,0,2013,2012,2012
ABRP,22,22.1,10/31/2014,PE,0,0,2013,2012,2012
ABRP,22,22.2,10/31/2014,QL,2,0.82,2013,2012,2012
ABRP,22,22.2,10/31/2014,QUEV,0,0,2013,2012,2012
ABRP,22,22.2,10/31/2014,QUO,0,0,2013,2012,2012
ABRP,22,22.2,10/31/2014,HW,0,0,2013,2012,2012
ABRP,22,22.2,10/31/2014,PP,0,0,2013,2012,2012
ABRP,22,22.2,10/31/2014,PE,3,9.7,2013,2012,2012
ABRP,22,22.3,11/2/2014,QL,3,3,2013,2012,2012
ABRP,22,22.3,11/2/2014,QUEV,1,7.5,2013,2012,2012
ABRP,22,22.3,11/2/2014,QUO,4,7.3,2013,2012,2012
ABRP,22,22.3,11/2/2014,HW,1,0.3,2013,2012,2012
ABRP,22,22.3,11/2/2014,PP,0,0,2013,2012,2012
ABRP,22,22.3,11/2/2014,PE,1,1.1,2013,2012,2012
ABRP,22,22.4,11/3/2014,QL,0,0,2013,2012,2012
ABRP,22,22.4,11/3/2014,QUEV,0,0,2013,2012,2012
ABRP,22,22.4,11/3/2014,QUO,0,0,2013,2012,2012
ABRP,22,22.4,11/3/2014,HW,0,0,2013,2012,2012
ABRP,22,22.4,11/3/2014,PP,0,0,2013,2012,2012
ABRP,22,22.4,11/3/2014,PE,0,0,2013,2012,2012
ABRP,22,22.5,11/3/2014,QL,0,0.5,2013,2012,2012
ABRP,22,22.5,11/3/2014,QUEV,0,0,2013,2012,2012
ABRP,22,22.5,11/3/2014,QUO,0,0,2013,2012,2012
ABRP,22,22.5,11/3/2014,HW,0,0,2013,2012,2012
ABRP,22,22.5,11/3/2014,PP,0,0,2013,2012,2012
ABRP,22,22.5,11/3/2014,PE,1,8.25,2013,2012,2012
ABRP,1,1.1,7/31/2017,QL,0,0,2016,2012,2012
ABRP,1,1.1,7/31/2017,QUEV,0,0,2016,2012,2012
ABRP,1,1.1,7/31/2017,QUO,1,0.2,2016,2012,2012
ABRP,1,1.1,7/31/2017,HW,0,0,2016,2012,2012
ABRP,1,1.1,7/31/2017,PP,0,1.75,2016,2012,2012
ABRP,1,1.1,7/31/2017,PE,0,0,2016,2012,2012
ABRP,1,1.2,8/7/2017,QL,0,0,2016,2017,2017
ABRP,1,1.2,8/7/2017,QUEV,0,0.52,2016,2017,2017
ABRP,1,1.2,8/7/2017,QUO,0,1,2016,2017,2017
ABRP,1,1.2,8/7/2017,HW,0,0,2016,2017,2017
ABRP,1,1.2,8/7/2017,PP,0,0,2016,2017,2017
ABRP,1,1.2,8/7/2017,PE,0,0,2016,2017,2017
ABRP,1,1.3,8/8/2017,QL,2,8.05,2016,2017,2017
ABRP,1,1.3,8/8/2017,QUEV,0,8.2,2016,2017,2017
ABRP,1,1.3,8/8/2017,QUO,0,0,2016,2017,2017
ABRP,1,1.3,8/8/2017,HW,0,0,2016,2017,2017
ABRP,1,1.3,8/8/2017,PP,0,0,2016,2017,2017
ABRP,1,1.3,8/8/2017,PE,0,0,2016,2017,2017
ABRP,1,1.4,8/8/2017,QL,0,0,2016,2017,2017
ABRP,1,1.4,8/8/2017,QUEV,0,0,2016,2017,2017
ABRP,1,1.4,8/8/2017,QUO,0,0,2016,2017,2017
ABRP,1,1.4,8/8/2017,HW,0,0,2016,2017,2017
ABRP,1,1.4,8/8/2017,PP,4,10.45,2016,2017,2017
ABRP,1,1.4,8/8/2017,PE,0,0,2016,2017,2017
ABRP,1,1.5,8/10/2017,QL,1,0.7,2016,2017,2017
ABRP,1,1.5,8/10/2017,QUEV,0,1.4,2016,2017,2017
ABRP,1,1.5,8/10/2017,QUO,0,0,2016,2017,2017
ABRP,1,1.5,8/10/2017,HW,0,0,2016,2017,2017
ABRP,1,1.5,8/10/2017,PP,4,6.2,2016,2017,2017
ABRP,1,1.5,8/10/2017,PE,0,2.4,2016,2017,2017
ABRP,1,1.6,8/11/2017,QL,0,0,2016,2017,2017
ABRP,1,1.6,8/11/2017,QUEV,0,0.6,2016,2017,2017
ABRP,1,1.6,8/11/2017,QUO,0,1,2016,2017,2017
ABRP,1,1.6,8/11/2017,HW,2,3.2,2016,2017,2017
ABRP,1,1.6,8/11/2017,PP,1,5.6,2016,2017,2017
ABRP,1,1.6,8/11/2017,PE,0,0,2016,2017,2017
ABRP,1,1.7,8/11/2017,QL,0,0,2016,2017,2017
ABRP,1,1.7,8/11/2017,QUEV,0,0,2016,2017,2017
ABRP,1,1.7,8/11/2017,QUO,0,0.15,2016,2017,2017
ABRP,1,1.7,8/11/2017,HW,0,0,2016,2017,2017
ABRP,1,1.7,8/11/2017,PP,1,8.8,2016,2017,2017
ABRP,1,1.7,8/11/2017,PE,0,0,2016,2017,2017
ABRP,1,1.8,8/15/2017,QL,0,0,2016,2017,2017
ABRP,1,1.8,8/15/2017,QUEV,0,0,2016,2017,2017
ABRP,1,1.8,8/15/2017,QUO,0,0,2016,2017,2017
ABRP,1,1.8,8/15/2017,HW,0,0,2016,2017,2017
ABRP,1,1.8,8/15/2017,PP,0,3,2016,2017,2017
ABRP,1,1.8,8/15/2017,PE,0,0,2016,2017,2017
ABRP,1,1.9,8/9/2017,QL,0,0,2016,2017,2017
ABRP,1,1.9,8/9/2017,QUEV,0,1,2016,2017,2017
ABRP,1,1.9,8/9/2017,QUO,0,0,2016,2017,2017
ABRP,1,1.9,8/9/2017,HW,2,2.9,2016,2017,2017
ABRP,1,1.9,8/9/2017,PP,1,10.7,2016,2017,2017
ABRP,1,1.9,8/9/2017,PE,0,0,2016,2017,2017
ABRP,5,5.1,8/24/2017,QL,3,4,2016,2017,2017
ABRP,5,5.1,8/24/2017,QUEV,0,0,2016,2017,2017
ABRP,5,5.1,8/24/2017,QUO,2,0.43,2016,2017,2017
ABRP,5,5.1,8/24/2017,HW,0,0,2016,2017,2017
ABRP,5,5.1,8/24/2017,PP,7,17.4,2016,2017,2017
ABRP,5,5.1,8/24/2017,PE,0,0,2016,2017,2017
ABRP,5,5.2,8/25/2017,QL,3,8.25,2016,2017,2017
ABRP,5,5.2,8/25/2017,QUEV,0,0,2016,2017,2017
ABRP,5,5.2,8/25/2017,QUO,0,13.55,2016,2017,2017
ABRP,5,5.2,8/25/2017,HW,0,0,2016,2017,2017
ABRP,5,5.2,8/25/2017,PP,3,7.05,2016,2017,2017
ABRP,5,5.2,8/25/2017,PE,0,0,2016,2017,2017
ABRP,5,5.3,8/29/2017,QL,1,3.6,2016,2017,2017
ABRP,5,5.3,8/29/2017,QUEV,4,12.7,2016,2017,2017
ABRP,5,5.3,8/29/2017,QUO,0,10.5,2016,2017,2017
ABRP,5,5.3,8/29/2017,HW,0,0,2016,2017,2017
ABRP,5,5.3,8/29/2017,PP,2,12.2,2016,2017,2017
ABRP,5,5.3,8/29/2017,PE,0,0,2016,2017,2017
ABRP,5,5.4,8/30/2017,QL,0,0,2016,2017,2017
ABRP,5,5.4,8/30/2017,QUEV,0,0.25,2016,2017,2017
ABRP,5,5.4,8/30/2017,QUO,2,17.6,2016,2017,2017
ABRP,5,5.4,8/30/2017,HW,0,0,2016,2017,2017
ABRP,5,5.4,8/30/2017,PP,4,7.7,2016,2017,2017
ABRP,5,5.4,8/30/2017,PE,0,0,2016,2017,2017
ABRP,5,5.5,8/23/2017,QL,1,12.35,2016,2017,2017
ABRP,5,5.5,8/23/2017,QUEV,0,0,2016,2017,2017
ABRP,5,5.5,8/23/2017,QUO,2,3.95,2016,2017,2017
ABRP,5,5.5,8/23/2017,HW,0,0,2016,2017,2017
ABRP,5,5.5,8/23/2017,PP,2,10.25,2016,2017,2017
ABRP,5,5.5,8/23/2017,PE,0,0,2016,2017,2017
ABRP,5,5.6,8/24/2017,QL,4,18.85,2016,2017,2017
ABRP,5,5.6,8/24/2017,QUEV,0,0,2016,2017,2017
ABRP,5,5.6,8/24/2017,QUO,0,11.15,2016,2017,2017
ABRP,5,5.6,8/24/2017,HW,0,0,2016,2017,2017
ABRP,5,5.6,8/24/2017,PP,0,0,2016,2017,2017
ABRP,5,5.6,8/24/2017,PE,0,0,2016,2017,2017
ABRP,7,7.1,8/18/2017,QL,0,0.8,2016,2017,2017
ABRP,7,7.1,8/18/2017,QUEV,1,7.2,2016,2017,2017
ABRP,7,7.1,8/18/2017,QUO,1,0.15,2016,2017,2017
ABRP,7,7.1,8/18/2017,HW,2,5.4,2016,2017,2017
ABRP,7,7.1,8/18/2017,PP,0,0,2016,2017,2017
ABRP,7,7.1,8/18/2017,PE,0,0,2016,2017,2017
ABRP,7,7.2,8/21/2017,QL,0,4.9,2016,2017,2017
ABRP,7,7.2,8/21/2017,QUEV,3,2.4,2016,2017,2017
ABRP,7,7.2,8/21/2017,QUO,0,2.15,2016,2017,2017
ABRP,7,7.2,8/21/2017,HW,0,0.1,2016,2017,2017
ABRP,7,7.2,8/21/2017,PP,1,0.9,2016,2017,2017
ABRP,7,7.2,8/21/2017,PE,0,0,2016,2017,2017
ABRP,7,7.3,8/22/2017,QL,1,4.95,2016,2017,2017
ABRP,7,7.3,8/22/2017,QUEV,0,0,2016,2017,2017
ABRP,7,7.3,8/22/2017,QUO,0,0,2016,2017,2017
ABRP,7,7.3,8/22/2017,HW,0,0,2016,2017,2017
ABRP,7,7.3,8/22/2017,PP,4,9.8,2016,2017,2017
ABRP,7,7.3,8/22/2017,PE,0,0,2016,2017,2017
ABRP,7,7.4,8/30/2017,QL,0,0.8,2016,2017,2017
ABRP,7,7.4,8/30/2017,QUEV,0,0.55,2016,2017,2017
ABRP,7,7.4,8/30/2017,QUO,0,0,2016,2017,2017
ABRP,7,7.4,8/30/2017,HW,0,0,2016,2017,2017
ABRP,7,7.4,8/30/2017,PP,0,0,2016,2017,2017
ABRP,7,7.4,8/30/2017,PE,0,0,2016,2017,2017
ABRP,7,7.5,8/22/2017,QL,2,3.45,2016,2017,2017
ABRP,7,7.5,8/22/2017,QUEV,0,4.1,2016,2017,2017
ABRP,7,7.5,8/22/2017,QUO,0,0,2016,2017,2017
ABRP,7,7.5,8/22/2017,HW,0,0,2016,2017,2017
ABRP,7,7.5,8/22/2017,PP,2,12.05,2016,2017,2017
ABRP,7,7.5,8/22/2017,PE,0,0,2016,2017,2017
ABRP,7,7.6,9/20/2017,QL,0,0,2016,2017,2017
ABRP,7,7.6,9/20/2017,QUEV,0,0,2016,2017,2017
ABRP,7,7.6,9/20/2017,QUO,0,0,2016,2017,2017
ABRP,7,7.6,9/20/2017,HW,0,0,2016,2017,2017
ABRP,7,7.6,9/20/2017,PP,0,0,2016,2017,2017
ABRP,7,7.6,9/20/2017,PE,0,0,2016,2017,2017
ABRP,7,7.7,8/16/2017,QL,0,0,2016,2017,2017
ABRP,7,7.7,8/16/2017,QUEV,0,0,2016,2017,2017
ABRP,7,7.7,8/16/2017,QUO,0,0,2016,2017,2017
ABRP,7,7.7,8/16/2017,HW,0,0.85,2016,2017,2017
ABRP,7,7.7,8/16/2017,PP,0,4.6,2016,2017,2017
ABRP,7,7.7,8/16/2017,PE,0,0,2016,2017,2017
ABRP,7,7.8,8/17/2017,QL,0,0,2016,2017,2017
ABRP,7,7.8,8/17/2017,QUEV,0,0,2016,2017,2017
ABRP,7,7.8,8/17/2017,QUO,1,0.05,2016,2017,2017
ABRP,7,7.8,8/17/2017,HW,0,0,2016,2017,2017
ABRP,7,7.8,8/17/2017,PP,1,5.3,2016,2017,2017
ABRP,7,7.8,8/17/2017,PE,1,1.1,2016,2017,2017
ABRP,21,21.1,9/26/2017,QL,0,0,2016,2017,2017
ABRP,21,21.1,9/26/2017,QUEV,0,0.2,2016,2017,2017
ABRP,21,21.1,9/26/2017,QUO,0,1.5,2016,2017,2017
ABRP,21,21.1,9/26/2017,HW,0,0,2016,2017,2017
ABRP,21,21.1,9/26/2017,PP,0,0,2016,2017,2017
ABRP,21,21.1,9/26/2017,PE,0,0,2016,2017,2017
ABRP,21,21.2,9/26/2017,QL,0,0.2,2016,2017,2017
ABRP,21,21.2,9/26/2017,QUEV,0,0,2016,2017,2017
ABRP,21,21.2,9/26/2017,QUO,2,0.6,2016,2017,2017
ABRP,21,21.2,9/26/2017,HW,0,0,2016,2017,2017
ABRP,21,21.2,9/26/2017,PP,0,12.4,2016,2017,2017
ABRP,21,21.2,9/26/2017,PE,0,0,2016,2017,2017
ABRP,21,21.3,9/26/2017,QL,2,2.8,2016,2017,2017
ABRP,21,21.3,9/26/2017,QUEV,2,4.5,2016,2017,2017
ABRP,21,21.3,9/26/2017,QUO,0,0,2016,2017,2017
ABRP,21,21.3,9/26/2017,HW,0,0,2016,2017,2017
ABRP,21,21.3,9/26/2017,PP,0,0,2016,2017,2017
ABRP,21,21.3,9/26/2017,PE,0,0,2016,2017,2017
ABRP,15,15.1,8/8/2018,QL,0,0,2017,2018,2018
ABRP,15,15.1,8/8/2018,QUEV,3,0,2017,2018,2018
ABRP,15,15.1,8/8/2018,QUO,0,0,2017,2018,2018
ABRP,15,15.1,8/8/2018,HW,0,0,2017,2018,2018
ABRP,15,15.1,8/8/2018,PP,0,5.4,2017,2018,2018
ABRP,15,15.1,8/8/2018,PE,0,0,2017,2018,2018
ABRP,22,22.1,8/9/2018,QL,2,2.3,2017,2018,2018
ABRP,22,22.1,8/9/2018,QUEV,0,0,2017,2018,2018
ABRP,22,22.1,8/9/2018,QUO,0,0,2017,2018,2018
ABRP,22,22.1,8/9/2018,HW,0,0,2017,2018,2018
ABRP,22,22.1,8/9/2018,PP,0,0,2017,2018,2018
ABRP,22,22.1,8/9/2018,PE,0,0,2017,2018,2018
ABRP,22,22.2,8/9/2018,QL,0,0.3,2017,2018,2018
ABRP,22,22.2,8/9/2018,QUEV,0,0,2017,2018,2018
ABRP,22,22.2,8/9/2018,QUO,0,0,2017,2018,2018
ABRP,22,22.2,8/9/2018,HW,0,0,2017,2018,2018
ABRP,22,22.2,8/9/2018,PP,0,0,2017,2018,2018
ABRP,22,22.2,8/9/2018,PE,2,8.7,2017,2018,2018
ABRP,22,22.3,8/9/2018,QL,1,2.6,2017,2018,2018
ABRP,22,22.3,8/9/2018,QUEV,0,5.7,2017,2018,2018
ABRP,22,22.3,8/9/2018,QUO,2,1.7,2017,2018,2018
ABRP,22,22.3,8/9/2018,HW,0,0,2017,2018,2018
ABRP,22,22.3,8/9/2018,PP,0,0,2017,2018,2018
ABRP,22,22.3,8/9/2018,PE,1,1,2017,2018,2018
ABRP,22,22.4,8/8/2018,QL,0,1,2017,2018,2018
ABRP,22,22.4,8/8/2018,QUEV,0,0,2017,2018,2018
ABRP,22,22.4,8/8/2018,QUO,0,0,2017,2018,2018
ABRP,22,22.4,8/8/2018,HW,0,0,2017,2018,2018
ABRP,22,22.4,8/8/2018,PP,1,0.5,2017,2018,2018
ABRP,22,22.4,8/8/2018,PE,1,2.5,2017,2018,2018
ABRP,22,22.5,8/8/2018,QL,0,0,2017,2018,2018
ABRP,22,22.5,8/8/2018,QUEV,0,0,2017,2018,2018
ABRP,22,22.5,8/8/2018,QUO,0,0,2017,2018,2018
ABRP,22,22.5,8/8/2018,HW,0,0,2017,2018,2018
ABRP,22,22.5,8/8/2018,PP,0,0,2017,2018,2018
ABRP,22,22.5,8/8/2018,PE,2,9.7,2017,2018,2018
ABRP,32,32.1,8/28/2018,QL,0,0,2017,2018,2018
ABRP,32,32.1,8/28/2018,QUEV,0,0,2017,2018,2018
ABRP,32,32.1,8/28/2018,QUO,0,0,2017,2018,2018
ABRP,32,32.1,8/28/2018,HW,0,0,2017,2018,2018
ABRP,32,32.1,8/28/2018,PP,3,12.5,2017,2018,2018
ABRP,32,32.1,8/28/2018,PE,0,0,2017,2018,2018
ABRP,32,32.2,8/21/2018,QL,0,0,2017,2018,2018
ABRP,32,32.2,8/21/2018,QUEV,0,0,2017,2018,2018
ABRP,32,32.2,8/21/2018,QUO,0,0,2017,2018,2018
ABRP,32,32.2,8/21/2018,HW,0,0,2017,2018,2018
ABRP,32,32.2,8/21/2018,PP,0,1.2,2017,2018,2018
ABRP,32,32.2,8/21/2018,PE,0,0,2017,2018,2018
ABRP,32,32.3,8/13/2018,QL,0,0,2017,2018,2018
ABRP,32,32.3,8/13/2018,QUEV,0,0,2017,2018,2018
ABRP,32,32.3,8/13/2018,QUO,1,1,2017,2018,2018
ABRP,32,32.3,8/13/2018,HW,2,0.4,2017,2018,2018
ABRP,32,32.3,8/13/2018,PP,0,0,2017,2018,2018
ABRP,32,32.3,8/13/2018,PE,0,1.5,2017,2018,2018
ABRP,32,32.4,8/10/2018,QL,0,0,2017,2018,2018
ABRP,32,32.4,8/10/2018,QUEV,0,0,2017,2018,2018
ABRP,32,32.4,8/10/2018,QUO,0,0,2017,2018,2018
ABRP,32,32.4,8/10/2018,HW,0,0,2017,2018,2018
ABRP,32,32.4,8/10/2018,PP,0,4.2,2017,2018,2018
ABRP,32,32.4,8/10/2018,PE,0,0,2017,2018,2018
ABRP,32,32.5,8/9/2018,QL,1,2.8,2017,2018,2018
ABRP,32,32.5,8/9/2018,QUEV,0,0,2017,2018,2018
ABRP,32,32.5,8/9/2018,QUO,0,0,2017,2018,2018
ABRP,32,32.5,8/9/2018,HW,0,0,2017,2018,2018
ABRP,32,32.5,8/9/2018,PP,4,7.6,2017,2018,2018
ABRP,32,32.5,8/9/2018,PE,2,3,2017,2018,2018
ABRP,32,32.6,8/10/2018,QL,0,0,2017,2018,2018
ABRP,32,32.6,8/10/2018,QUEV,0,0,2017,2018,2018
ABRP,32,32.6,8/10/2018,QUO,0,0.2,2017,2018,2018
ABRP,32,32.6,8/10/2018,HW,0,0,2017,2018,2018
ABRP,32,32.6,8/10/2018,PP,3,6,2017,2018,2018
ABRP,32,32.6,8/10/2018,PE,0,0,2017,2018,2018
ABRP,32,32.7,8/29/2018,QL,1,3.5,2017,2018,2018
ABRP,32,32.7,8/29/2018,QUEV,0,0,2017,2018,2018
ABRP,32,32.7,8/29/2018,QUO,0,0,2017,2018,2018
ABRP,32,32.7,8/29/2018,HW,0,0,2017,2018,2018
ABRP,32,32.7,8/29/2018,PP,0,0.7,2017,2018,2018
ABRP,32,32.7,8/29/2018,PE,0,0,2017,2018,2018
ABRP,32,32.8,8/29/2018,QL,0,0,2017,2018,2018
ABRP,32,32.8,8/29/2018,QUEV,0,0,2017,2018,2018
ABRP,32,32.8,8/29/2018,QUO,0,0,2017,2018,2018
ABRP,32,32.8,8/29/2018,HW,0,0,2017,2018,2018
ABRP,32,32.8,8/29/2018,PP,1,1.1,2017,2018,2018
ABRP,32,32.8,8/29/2018,PE,0,0,2017,2018,2018
ABRP,32,32.9,9/4/2018,QL,1,1.8,2017,2018,2018
ABRP,32,32.9,9/4/2018,QUEV,0,0,2017,2018,2018
ABRP,32,32.9,9/4/2018,QUO,0,0,2017,2018,2018
ABRP,32,32.9,9/4/2018,HW,0,0,2017,2018,2018
ABRP,32,32.9,9/4/2018,PP,3,5.6,2017,2018,2018
ABRP,32,32.9,9/4/2018,PE,0,0,2017,2018,2018
ABRP,32,32.1,9/4/2018,QL,1,4.5,2017,2018,2018
ABRP,32,32.1,9/4/2018,QUEV,1,8.9,2017,2018,2018
ABRP,32,32.1,9/4/2018,QUO,0,0,2017,2018,2018
ABRP,32,32.1,9/4/2018,HW,2,1.9,2017,2018,2018
ABRP,32,32.1,9/4/2018,PP,0,0,2017,2018,2018
ABRP,32,32.1,9/4/2018,PE,0,0,2017,2018,2018
ABRP,32,32.11,9/4/2018,QL,0,3.1,2017,2018,2018
ABRP,32,32.11,9/4/2018,QUEV,0,0,2017,2018,2018
ABRP,32,32.11,9/4/2018,QUO,0,0,2017,2018,2018
ABRP,32,32.11,9/4/2018,HW,0,0,2017,2018,2018
ABRP,32,32.11,9/4/2018,PP,0,1.4,2017,2018,2018
ABRP,32,32.11,9/4/2018,PE,0,0,2017,2018,2018
ABRP,40,40.1,8/6/2018,QL,0,0,2017,2018,2018
ABRP,40,40.1,8/6/2018,QUEV,3,0.75,2017,2018,2018
ABRP,40,40.1,8/6/2018,QUO,0,0,2017,2018,2018
ABRP,40,40.1,8/6/2018,HW,2,0.75,2017,2018,2018
ABRP,40,40.1,8/6/2018,PP,0,0,2017,2018,2018
ABRP,40,40.1,8/6/2018,PE,0,0,2017,2018,2018
ABRP,40,40.2,8/3/2018,QL,0,0.2,2017,2018,2018
ABRP,40,40.2,8/3/2018,QUEV,0,0,2017,2018,2018
ABRP,40,40.2,8/3/2018,QUO,0,0,2017,2018,2018
ABRP,40,40.2,8/3/2018,HW,2,1.65,2017,2018,2018
ABRP,40,40.2,8/3/2018,PP,1,1.2,2017,2018,2018
ABRP,40,40.2,8/3/2018,PE,0,0,2017,2018,2018
ABRP,40,40.3,8/7/2018,QL,0,0,2017,2018,2018
ABRP,40,40.3,8/7/2018,QUEV,0,0.4,2017,2018,2018
ABRP,40,40.3,8/7/2018,QUO,0,0,2017,2018,2018
ABRP,40,40.3,8/7/2018,HW,1,1.45,2017,2018,2018
ABRP,40,40.3,8/7/2018,PP,0,0,2017,2018,2018
ABRP,40,40.3,8/7/2018,PE,0,0,2017,2018,2018
ABRP,40,40.4,8/7/2018,QL,0,0,2017,2018,2018
ABRP,40,40.4,8/7/2018,QUEV,0,0,2017,2018,2018
ABRP,40,40.4,8/7/2018,QUO,0,0,2017,2018,2018
ABRP,40,40.4,8/7/2018,HW,0,0,2017,2018,2018
ABRP,40,40.4,8/7/2018,PP,0,1.2,2017,2018,2018
ABRP,40,40.4,8/7/2018,PE,0,0,2017,2018,2018
ABRP,40,40.5,8/7/2018,QL,0,0,2017,2018,2018
ABRP,40,40.5,8/7/2018,QUEV,0,0,2017,2018,2018
ABRP,40,40.5,8/7/2018,QUO,0,0,2017,2018,2018
ABRP,40,40.5,8/7/2018,HW,1,0.6,2017,2018,2018
ABRP,40,40.5,8/7/2018,PP,1,6.15,2017,2018,2018
ABRP,40,40.5,8/7/2018,PE,0,2.3,2017,2018,2018
ABRP,40,40.6,8/6/2018,QL,0,0,2017,2018,2018
ABRP,40,40.6,8/6/2018,QUEV,1,1.5,2017,2018,2018
ABRP,40,40.6,8/6/2018,QUO,0,0,2017,2018,2018
ABRP,40,40.6,8/6/2018,HW,0,0,2017,2018,2018
ABRP,40,40.6,8/6/2018,PP,2,6.5,2017,2018,2018
ABRP,40,40.6,8/6/2018,PE,0,0,2017,2018,2018
ABRP,40,40.7,8/3/2018,QL,0,0,2017,2018,2018
ABRP,40,40.7,8/3/2018,QUEV,0,0,2017,2018,2018
ABRP,40,40.7,8/3/2018,QUO,0,0,2017,2018,2018
ABRP,40,40.7,8/3/2018,HW,0,0,2017,2018,2018
ABRP,40,40.7,8/3/2018,PP,1,5.7,2017,2018,2018
ABRP,40,40.7,8/3/2018,PE,0,0,2017,2018,2018
ABRP,40,40.8,7/31/2018,QL,0,0,2017,2018,2018
ABRP,40,40.8,7/31/2018,QUEV,0,0,2017,2018,2018
ABRP,40,40.8,7/31/2018,QUO,0,0,2017,2018,2018
ABRP,40,40.8,7/31/2018,HW,0,0.25,2017,2018,2018
ABRP,40,40.8,7/31/2018,PP,0,2.2,2017,2018,2018
ABRP,40,40.8,7/31/2018,PE,0,0,2017,2018,2018
ABRP,40,40.9,7/31/2018,QL,0,0,2017,2018,2018
ABRP,40,40.9,7/31/2018,QUEV,0,0,2017,2018,2018
ABRP,40,40.9,7/31/2018,QUO,0,0,2017,2018,2018
ABRP,40,40.9,7/31/2018,HW,3,4.1,2017,2018,2018
ABRP,40,40.9,7/31/2018,PP,1,8.2,2017,2018,2018
ABRP,40,40.9,7/31/2018,PE,0,0,2017,2018,2018
,,,,,0,0,,,
